dept,jednostka,url,liczba,zdanie
DDW,"DOLNOŚLĄSKI URZĄD WOJEWÓDZKI WE WROCŁAWIU pl. Powstańców Warszawy 1, 50-153 WROCŁAW Wystąp","https://www.nik.gov.pl/kontrole/wyniki-kontroli-nik/pobierz,ddw~p_26_001_202601120841541768203714~id0~01,typ,kj.pdf",3515,"I , str. 128-130) Przeciętne zatrudnienie80 w części 85/02 – województwo dolnośląskie w 2025 r. wyniosło 3 515 osób i było wyższe niż w 2024 r. o 65 osób"
DDW,"DOLNOŚLĄSKI URZĄD WOJEWÓDZKI WE WROCŁAWIU pl. Powstańców Warszawy 1, 50-153 WROCŁAW Wystąp","https://www.nik.gov.pl/kontrole/wyniki-kontroli-nik/pobierz,ddw~p_26_001_202601120841541768203714~id0~01,typ,kj.pdf",,"Natomiast mieszczące się w ww. wielkości przeciętne zatrudnienie w DUW81 wynoszące 994,46 osoby, zwiększyło się w stosunku do 2024 r. o 62,51 osób (tj. o 6,7%), co wynikało ze wzrostu zatrudnienia m.in. w Centrum Powiadamiania Rat"
DDW,"DOLNOŚLĄSKI URZĄD WOJEWÓDZKI WE WROCŁAWIU pl. Powstańców Warszawy 1, 50-153 WROCŁAW Wystąp","https://www.nik.gov.pl/kontrole/wyniki-kontroli-nik/pobierz,ddw~p_26_001_202601120841541768203714~id0~01,typ,kj.pdf",,"IX, str. 52-55) W podziale na status zatrudnienia pracowników, przeciętne zatrudnienie u dysponenta części 85/02 w 2025 r. kształtowało się następująco: [1] osoby nieobjęte mnożnikowymi systemami wynagrodzeń (status 01) – 1 765 os"
DDW,"DOLNOŚLĄSKI URZĄD WOJEWÓDZKI WE WROCŁAWIU pl. Powstańców Warszawy 1, 50-153 WROCŁAW Wystąp","https://www.nik.gov.pl/kontrole/wyniki-kontroli-nik/pobierz,ddw~p_26_001_202601120841541768203714~id0~01,typ,kj.pdf",,"Wydatki na wynagrodzenia w 2025 r. w części 85/02 wyniosły 518 361,6,0 tys. zł (stanowiące 99,6% wielkości planowanej po zmianach) i były wyższe w porównaniu do wydatków z roku poprzedniego o 433 556,4 tys. zł, tj. o 6,9%. Wynikał"
DDW,"KOLEJE DOLNOŚLĄSKIE S.A. W LEGNICY ul. Kolejowa 2, 59-220 LEGNICA Wystąpienie Data publika","https://www.nik.gov.pl/kontrole/wyniki-kontroli-nik/pobierz,ddw~p_26_001_202601120841541768203714~id5~01,typ,kj.pdf",,NOT_FOUND
DDW,"KOMENDA WOJEWÓDZKA POLICJI WE WROCŁAWIU Podwale 31-33, 50-040 WROCŁAW Wystąpienie Data pub","https://www.nik.gov.pl/kontrole/wyniki-kontroli-nik/pobierz,ddw~p_26_001_202601120841541768203714~id3~01,typ,kj.pdf","8654,38","XI, str. 289-333) W 2025 r. w KWP przeciętne zatrudnienie ogółem wyniosło 8 654,38 osób25 i w porównaniu do 2024 r. (8 543,59) zwiększyło się o 110,79 osób"
DDW,"MIEJSKIE PRZEDSIĘBIORSTWO KOMUNIKACYJNE SP. Z O.O. WE WROCŁAWIU ul. Bolesława Prusa 75-79,","https://www.nik.gov.pl/kontrole/wyniki-kontroli-nik/pobierz,ddw~p_26_001_202601120841541768203714~id6~01,typ,kj.pdf",,NOT_FOUND
DDW,"URZĄD SKARBOWY WROCŁAW-PSIE POLE WE WROCŁAWIU ul. Trzebnicka 33, 50-231 WROCŁAW Wystąpieni","https://www.nik.gov.pl/kontrole/wyniki-kontroli-nik/pobierz,ddw~p_26_001_202601120841541768203714~id4~01,typ,kj.pdf",,NOT_FOUND
DDW,"WOJEWÓDZKI INSPEKTORAT FARMACEUTYCZNY WE WROCŁAWIU ul. Ofiar Oświęcimskich 12, 50-069 WROC","https://www.nik.gov.pl/kontrole/wyniki-kontroli-nik/pobierz,ddw~p_26_001_202601120841541768203714~id1~01,typ,kj.pdf","19,9","Przeciętne zatrudnienie w 2025 r. wyniosło 19,9 etatów, a przeciętne miesięczne wynagrodzenie brutto 12,7 tys. zł"
DDW,"WOJEWÓDZKI URZĄD OCHRONY ZABYTKÓW WE WROCŁAWIU ul. Władysława Łokietka 11, 50-243 WROCŁAW ","https://www.nik.gov.pl/kontrole/wyniki-kontroli-nik/pobierz,ddw~p_26_001_202601120841541768203714~id2~01,typ,kj.pdf","98,15","Przeciętne zatrudnienie14 w Urzędzie w 2025 r. wyniosło 98,15 osoby i nie uległo istotnej zmianie w stosunku do roku poprzedniego (96,30 osoby)"
DDW,"WOJEWÓDZKI URZĄD OCHRONY ZABYTKÓW WE WROCŁAWIU ul. Władysława Łokietka 11, 50-243 WROCŁAW ","https://www.nik.gov.pl/kontrole/wyniki-kontroli-nik/pobierz,ddw~p_26_001_202601120841541768203714~id2~01,typ,kj.pdf",,"Zmniejszenie przeciętnego zatrudnienia w 2025 r. w porównaniu do 2024 r. nastąpiło w grupie 01 (osoby nieobjęte mnożnikowym systemem wynagrodzeń) o 0,71 osoby, a zwiększenie w grupie 03 (członkowie korpusu służby cywilnej) o 2,56 "
DKA,"Pierwszy Urząd Skarbowy w Bielsku-Białej ul. Teodora Sixta 17, 43-300 Bielsko-Biała Wystąp","https://www.nik.gov.pl/kontrole/wyniki-kontroli-nik/pobierz,dka~p_26_001_202601120841541768203714~id3~01,typ,kj.pdf",,NOT_FOUND
DKA,"Śląski Urząd Wojewódzki w Katowicach ul. Jagiellońska 25, 40-032 Katowice Wystąpienie Data","https://www.nik.gov.pl/kontrole/wyniki-kontroli-nik/pobierz,dka~p_26_001_202601120841541768203714~id0~01,typ,kj.pdf",3992,"W części 85/24 – województwo śląskie przeciętne zatrudnienie w 2025 r. wyniosło 3 992 w przeliczeniu na pełnozatrudnionych82 i było wyższe o 1,1% (42) od przeciętnego zatrudnienia w 2024 r. (3 950)"
DKA,"Śląski Urząd Wojewódzki w Katowicach ul. Jagiellońska 25, 40-032 Katowice Wystąpienie Data","https://www.nik.gov.pl/kontrole/wyniki-kontroli-nik/pobierz,dka~p_26_001_202601120841541768203714~id0~01,typ,kj.pdf",1347,"W Urzędzie (dysponent III stopnia) przeciętne zatrudnienie w 2025 r. wyniosło 1 347 w przeliczeniu na pełnozatrudnionych 83 i było wyższe o 2,7% (35) od przeciętnego zatrudnienia w 2024 r. (1 312)"
DKA,"Śląski Urząd Wojewódzki w Katowicach ul. Jagiellońska 25, 40-032 Katowice Wystąpienie Data","https://www.nik.gov.pl/kontrole/wyniki-kontroli-nik/pobierz,dka~p_26_001_202601120841541768203714~id0~01,typ,kj.pdf",,"W części 85/24 – województwo śląskie wzrost przeciętnego zatrudnienia wystąpił przede wszystkim w funkcjonujących w strukturze Urzędu WZON (o 17), w Wydziale Spraw Cudzoziemców (o sześć)"
DKA,"Śląski Urząd Wojewódzki w Katowicach ul. Jagiellońska 25, 40-032 Katowice Wystąpienie Data","https://www.nik.gov.pl/kontrole/wyniki-kontroli-nik/pobierz,dka~p_26_001_202601120841541768203714~id0~01,typ,kj.pdf",,"W Wydziale Spraw Cudzoziemców wzrost przeciętnego zatrudnienia był związany z realizacją nowego zadania, tj. utworzeniem centrów integracji cudzoziemców (CIC), w których Wojewoda zobowiązał się zapewnić pracowników (na podstawie u"
DKA,"Śląski Urząd Wojewódzki w Katowicach ul. Jagiellońska 25, 40-032 Katowice Wystąpienie Data","https://www.nik.gov.pl/kontrole/wyniki-kontroli-nik/pobierz,dka~p_26_001_202601120841541768203714~id0~01,typ,kj.pdf",,W jednostkach administracji zespolonej w 2025 r. nie wystąpiły istotne zmiany przeciętnego zatrudnienia w porównaniu do roku poprzedniego. (akta kontroli tom II str. 1-27) 2.1.7
DKA,"Starostwo Powiatowe w Raciborzu Plac Stefana Okrzei 4, 47-400 Racibórz Wystąpienie Data pu","https://www.nik.gov.pl/kontrole/wyniki-kontroli-nik/pobierz,dka~p_26_001_202601120841541768203714~id5~01,typ,kj.pdf",,NOT_FOUND
DKA,"Urząd Skarbowy Kraków-Prądnik ul. Krowoderskich Zuchów 2, 31-272 Kraków Wystąpienie Data p","https://www.nik.gov.pl/kontrole/wyniki-kontroli-nik/pobierz,dka~p_26_001_202601120841541768203714~id4~01,typ,kj.pdf",,NOT_FOUND
DKA,"Wojewódzki Inspektorat Farmaceutyczny w Katowicach ul. Raciborska 15, 40-074 Katowice Wyst","https://www.nik.gov.pl/kontrole/wyniki-kontroli-nik/pobierz,dka~p_26_001_202601120841541768203714~id1~01,typ,kj.pdf","22,8313","Przeciętne zatrudnienie w Inspektoracie w przeliczeniu na pełnozatrudnionych zwiększyło się w porównaniu do 2024 r. o 0,77 i wyniosło 22,8313"
DKA,"Wojewódzki Urząd Ochrony Zabytków w Katowicach ul. Francuska 12, 40-013 Katowice Wystąpien","https://www.nik.gov.pl/kontrole/wyniki-kontroli-nik/pobierz,dka~p_26_001_202601120841541768203714~id2~01,typ,kj.pdf","50,16","Przeciętne zatrudnienie w przeliczeniu na pełnozatrudnionych wyniosło w 2025 r. 50,16 i zmniejszyło się w porównaniu do 2024 r. o 1,14"
DKA,"Związek Powiatowo-Gminny pod nazwą Jedźmy Razem ul. Pułaskiego 6, 42-300 Myszków Wystąpien","https://www.nik.gov.pl/kontrole/wyniki-kontroli-nik/pobierz,dka~p_26_001_202601120841541768203714~id6~01,typ,kj.pdf",,NOT_FOUND
DKB,"INSPEKTORAT WSPARCIA SIŁ ZBROJNYCH W BYDGOSZCZY ul. J. Dwernickiego 1, 85-915 BYDGOSZCZ Wy","https://www.nik.gov.pl/kontrole/wyniki-kontroli-nik/pobierz,dkb~p_26_001_202601120841541768203714~id3~01,typ,kj.pdf","169616,6","Najwyższe kwoty przeznaczono na wydatki osobowe niezaliczone do uposażeń wypłacane żołnierzom (§ 3070) w wysokości 3 339 364,8 tys. zł, (tj. 98,9% świadczeń ogółem), wydatki osobowe niezaliczone do wynagrodzeń (§ 3020) w kwocie 23"
DKB,"KOMENDA WOJEWÓDZKA POLICJI W BYDGOSZCZY ul. Powstańców Wlkp. 7, 85-090 BYDGOSZCZ Wystąpien","https://www.nik.gov.pl/kontrole/wyniki-kontroli-nik/pobierz,dkb~p_26_001_202601120841541768203714~id5~01,typ,kj.pdf",,NOT_FOUND
DKB,"KRAJOWE BIURO WYBORCZE DELEGATURA WE WŁOCŁAWKU ul. Brzeska 6, 87-800 WŁOCŁAWEK Wystąpienie","https://www.nik.gov.pl/kontrole/wyniki-kontroli-nik/pobierz,dkb~p_26_001_202601120841541768203714~id2~01,typ,kj.pdf",,NOT_FOUND
DKB,"URZĄD MARSZAŁKOWSKI WOJEWÓDZTWA KUJAWSKO-POMORSKIEGO W TORUNIU Pl. Teatralny 2, 87-100 TOR","https://www.nik.gov.pl/kontrole/wyniki-kontroli-nik/pobierz,dkb~p_26_001_202601120841541768203714~id1~01,typ,kj.pdf",,NOT_FOUND
DKB,"URZĄD MIASTA BYDGOSZCZY ul. Jezuicka 1, 85-102 BYDGOSZCZ Wystąpienie Data publikacji : 202","https://www.nik.gov.pl/kontrole/wyniki-kontroli-nik/pobierz,dkb~p_26_001_202601120841541768203714~id0~01,typ,kj.pdf",,NOT_FOUND
DKB,"WOJEWÓDZKI SĄD ADMINISTRACYJNY W BYDGOSZCZY ul. Jana Kazimierza 5, 85-035 BYDGOSZCZ Wystąp","https://www.nik.gov.pl/kontrole/wyniki-kontroli-nik/pobierz,dkb~p_26_001_202601120841541768203714~id4~01,typ,kj.pdf","65,47","Prezes WSA zgłosiła do blokady środki na łączną kwotę 504,0 tys. zł. (akta kontroli str. 164-165, 174-181) Przeciętne zatrudnienie w 2025 r. w przeliczeniu na pełnozatrudnionych wyniosło 65,47 etatów i było niższe od przeciętnego "
DKB,"ZARZĄD DRÓG MIEJSKICH I KOMUNIKACJI PUBLICZNEJ W BYDGOSZCZY ul. Toruńska 174A, 85-844 BYDG","https://www.nik.gov.pl/kontrole/wyniki-kontroli-nik/pobierz,dkb~p_26_001_202601120841541768203714~id6~01,typ,kj.pdf",,NOT_FOUND
DKI,"Starostwo Powiatowe w Ostrowcu Świętokrzyskim 27-400 Ostrowiec Świętokrzyski, ul. Iłżecka ","https://www.nik.gov.pl/kontrole/wyniki-kontroli-nik/pobierz,dki~p_26_001_202601120841541768203714~id4~01,typ,kj.pdf",,NOT_FOUND
DKI,"Świętokrzyski Urząd Wojewódzki w Kielcach 25-516 Kielce, al. IX Wieków Kielc 3 Wystąpienie","https://www.nik.gov.pl/kontrole/wyniki-kontroli-nik/pobierz,dki~p_26_001_202601120841541768203714~id0~01,typ,kj.pdf",1817,"Wzrost tych wydatków w stosunku do roku poprzedniego wynikał głównie ze wzrostu wynagrodzeń osobowych wraz z pochodnymi, wynagrodzeń bezosobowych i zakupu usług pozostałych (związanych m.in. z większą liczbą umów ze specjalistami "
DKI,"Świętokrzyski Urząd Wojewódzki w Kielcach 25-516 Kielce, al. IX Wieków Kielc 3 Wystąpienie","https://www.nik.gov.pl/kontrole/wyniki-kontroli-nik/pobierz,dki~p_26_001_202601120841541768203714~id0~01,typ,kj.pdf",563,"Przeciętne zatrudnienie w 2025 r. w ŚUW (dysponent trzeciego stopnia) wyniosło 563 osoby57 i było wyższe w porównaniu do przeciętnego zatrudnienia w 2024 r. o 16 osób (2,9%)"
DKI,"Urząd Miasta i Gminy Łagów 26-025 Łagów, ul. Rynek 62 Wystąpienie Data publikacji : 2026-0","https://www.nik.gov.pl/kontrole/wyniki-kontroli-nik/pobierz,dki~p_26_001_202601120841541768203714~id3~02,typ,kj.pdf",,NO_TEXT_LAYER(skan)
DKI,"Wojewódzki Inspektorat Farmaceutyczny w Kielcach 25-516 Kielce, al. IX Wieków Kielc 3 Wyst","https://www.nik.gov.pl/kontrole/wyniki-kontroli-nik/pobierz,dki~p_26_001_202601120841541768203714~id1~01,typ,kj.pdf",,"Struktura wydatków według grup ekonomicznych w 2025 r. w porównaniu z 2024 r. uległa zmianie, gdyż zwiększył się udział wydatków majątkowych (brak w 2024 r. do 6,09%), na rzecz zmniejszenia udziału wydatków bieżących (z 14,25% do "
DKI,"Wojewódzki Urząd Ochrony Zabytków w Kielcach 25-502 Kielce, ul. Ignacego Paderewskiego 34A","https://www.nik.gov.pl/kontrole/wyniki-kontroli-nik/pobierz,dki~p_26_001_202601120841541768203714~id2~01,typ,kj.pdf",34,Wydatki WUOZ na świadczenia na rzecz osób fizycznych dotyczyły: – wypłaty ekwiwalentu za odzież ochronną dla siedmiu osób; – wypłaty ekwiwalentu za pranie odzieży ochronnej dla 28 osób; – refundacji kosztów zakupu okularów korekcy
DLL,"KOMENDA WOJEWÓDZKA POLICJI W LUBLINIE 20-019 LUBLIN, UL. NARUTOWICZA 73 Wystąpienie Data p","https://www.nik.gov.pl/kontrole/wyniki-kontroli-nik/pobierz,dll~p_26_001_202601120841541768203714~id3~01,typ,kj.pdf",,"W stosunku do zatrudnienia wykazanego w sprawozdaniu Rb-70 za IV kwartał 2024 r. przeciętne zatrudnienie w 2025 r. zwiększyło się o 4,2%, tj. o 259 etatów"
DLL,"KOMENDA WOJEWÓDZKA POLICJI W LUBLINIE 20-019 LUBLIN, UL. NARUTOWICZA 73 Wystąpienie Data p","https://www.nik.gov.pl/kontrole/wyniki-kontroli-nik/pobierz,dll~p_26_001_202601120841541768203714~id3~01,typ,kj.pdf",341,"Komendant poinformował, że wzrost przeciętnego zatrudnienia w 2025 r. w grupie funkcjonariuszy wynikał z obsadzenia wakujących stanowisk oraz zwiększenia liczby etatów w strukturze organizacyjnej KWP, wynikającego z realizacji zap"
DLL,"LUBELSKI URZĄD WOJEWÓDZKI W LUBLINIE 20-914 LUBLIN, UL. SPOKOJNA 4 Wystąpienie Data publik","https://www.nik.gov.pl/kontrole/wyniki-kontroli-nik/pobierz,dll~p_26_001_202601120841541768203714~id0~01,typ,kj.pdf",3266,"Ponad 73% środków finansowych (130 273,6 tys. zł) przeznaczono na wynagrodzenia i pochodne od wynagrodzeń, natomiast pozostałe wydatkowano głównie na zakup materiałów i usług związanych z funkcjonowaniem Urzędu. (akta kontroli tom"
DLL,"LUBELSKI URZĄD WOJEWÓDZKI W LUBLINIE 20-914 LUBLIN, UL. SPOKOJNA 4 Wystąpienie Data publik","https://www.nik.gov.pl/kontrole/wyniki-kontroli-nik/pobierz,dll~p_26_001_202601120841541768203714~id0~01,typ,kj.pdf",,"Poniesione zostały głównie na wynagrodzenia konsultantów wojewódzkich i członków Zespołu do Spraw Orzekania o Niepełnosprawności (8649,2 tys. zł) oraz na usługi weterynaryjne, wykonywane przez wyznaczonych lekarzy weterynarii (772"
DLL,"PIERWSZY URZĄD SKARBOWY W LUBLINIE 20-027 LUBLIN, UL. SĄDOWA 5 Wystąpienie Data publikacji","https://www.nik.gov.pl/kontrole/wyniki-kontroli-nik/pobierz,dll~p_26_001_202601120841541768203714~id5~01,typ,kj.pdf",,NOT_FOUND
DLL,"URZĄD GMINY GŁUSK UL. RYNEK 1, DOMINÓW 20-388 LUBLIN Wystąpienie Data publikacji : 2026-08","https://www.nik.gov.pl/kontrole/wyniki-kontroli-nik/pobierz,dll~p_26_001_202601120841541768203714~id6~01,typ,kj.pdf",,NOT_FOUND
DLL,"WOJEWÓDZKI INSPEKTORAT FARMACEUTYCZNY W LUBLINIE UL. LUBOMELSKA 1-3, 20-074 LUBLIN Wystąpi","https://www.nik.gov.pl/kontrole/wyniki-kontroli-nik/pobierz,dll~p_26_001_202601120841541768203714~id1~01,typ,kj.pdf","23,5","Przeciętne zatrudnienie w LWIF w latach 2024-2025 nie uległo istotnym zmianom, w 2025 r. wyniosło 23,5 etatu"
DLL,"WOJEWÓDZKI SĄD ADMINISTRACYJNY W LUBLINIE UL. M. SKŁODOWSKIEJ-CURIE 40, 20-029 LUBLIN Wyst","https://www.nik.gov.pl/kontrole/wyniki-kontroli-nik/pobierz,dll~p_26_001_202601120841541768203714~id4~01,typ,kj.pdf","77,3","Przeciętne zatrudnienie7 w Sądzie, w przeliczeniu na pełne etaty wyniosło 77,3 osoby i było niższe w porównaniu do 2024 r. o 2 etaty, tj. 2,5%. Spadek przeciętnego zatrudnienia wynikał głównie z niższego zatrudnienia w grupie ases"
DLL,"WOJEWÓDZKI URZĄD OCHRONY ZABYTKÓW W LUBLINIE 20-113 LUBLIN, UL. ARCHIDIAKOŃSKA 4 Wystąpien","https://www.nik.gov.pl/kontrole/wyniki-kontroli-nik/pobierz,dll~p_26_001_202601120841541768203714~id2~01,typ,kj.pdf","62,1","Jeśli nie zostały spełnione warunki do sformułowania oceny pozytywnej bądź negatywnej, Najwyższa Izba Kontroli formułuje ocenę w formie opisowej. 3z8 Według danych przyjętych do wyliczenia mierników wykazanych w sprawozdaniu z wyk"
DLO,"ŁÓDZKI URZĄD WOJEWÓDZKI ul. Piotrkowska 104, 90-926 ŁÓDŹ Wystąpienie Data publikacji : 202","https://www.nik.gov.pl/kontrole/wyniki-kontroli-nik/pobierz,dlo~p_26_001_202601120841541768203714~id0~01,typ,kj.pdf",3028,Według sprawozdania Rb-70 przeciętne zatrudnienie w części 85/10 wyniosło 3 028 etatów i zwiększyło się w porównaniu do 2024 r. o 37 etatów
DLO,"ŁÓDZKI URZĄD WOJEWÓDZKI ul. Piotrkowska 104, 90-926 ŁÓDŹ Wystąpienie Data publikacji : 202","https://www.nik.gov.pl/kontrole/wyniki-kontroli-nik/pobierz,dlo~p_26_001_202601120841541768203714~id0~01,typ,kj.pdf",,"Jednocześnie przy ogólnej tendencji zwyżkowej, dysponent części 85/10 odnotował w dziale 851 Ochrona zdrowia, spadek przeciętnego zatrudnienia o dziewięć etatów, związany głównie z reorganizacją pracy w Wojewódzkiej Stacji Sanitar"
DLO,"ŁÓDZKI URZĄD WOJEWÓDZKI ul. Piotrkowska 104, 90-926 ŁÓDŹ Wystąpienie Data publikacji : 202","https://www.nik.gov.pl/kontrole/wyniki-kontroli-nik/pobierz,dlo~p_26_001_202601120841541768203714~id0~01,typ,kj.pdf",924,"Wzrost ten spowodowany był głównie zwiększeniem kwoty bazowej wynagrodzeń w służbie cywilnej, wzrostem dodatkowego wynagrodzenia rocznego za 2024 r. w związku z podwyższeniem wynagrodzeń w 2024 r. o 20% w stosunku do roku 2023 ora"
DLO,"PIERWSZY URZĄD SKARBOWY ŁÓDŹ-BAŁUTY ul. Zachodnia 47, 91-066 ŁÓDŹ Wystąpienie Data publika","https://www.nik.gov.pl/kontrole/wyniki-kontroli-nik/pobierz,dlo~p_26_001_202601120841541768203714~id3~01,typ,kj.pdf",,NOT_FOUND
DLO,"URZĄD MARSZAŁKOWSKI WOJEWÓDZTWA ŁÓDZKIEGO al. Piłsudskiego 8, 90-051 ŁÓDŹ Wystąpienie Data","https://www.nik.gov.pl/kontrole/wyniki-kontroli-nik/pobierz,dlo~p_26_001_202601120841541768203714~id4~01,typ,kj.pdf",,NO_TEXT_LAYER(skan)
DLO,"WOJEWÓDZKI INSPEKTORAT FARMACEUTYCZNY W ŁODZI ul. Fabryczna 25, 90-341 ŁÓDŹ Wystąpienie Da","https://www.nik.gov.pl/kontrole/wyniki-kontroli-nik/pobierz,dlo~p_26_001_202601120841541768203714~id2~01,typ,kj.pdf",,"W ramach tej grupy ekonomicznej środki przeznaczono przede wszystkim na wynagrodzenia z pochodnymi (3802,1 tys. zł) oraz opłaty związane z wynajmem pomieszczeń na potrzeby WIF (229,9 tys. zł). (akta kontroli str. 8-9) Przeciętne z"
DLO,"WOJEWÓDZKI URZĄD OCHRONY ZABYTKÓW W ŁODZI ul. Piotrkowska 99, 90-425 ŁÓDŹ Wystąpienie Data","https://www.nik.gov.pl/kontrole/wyniki-kontroli-nik/pobierz,dlo~p_26_001_202601120841541768203714~id1~01,typ,kj.pdf","52,78","Zakupione składniki majątku wprowadzono do ewidencji środków trwałych i właściwie sklasyfikowano. (akta kontroli str. 213-248, 742-743) Przeciętne zatrudnienie na koniec 2024 r. wyniosło 52,78 etatu i w porównaniu do roku 2024 był"
DLZ,"Komenda Wojewódzka Policji w Gorzowie Wielkopolskim 66-400 Gorzów Wielkopolski, ul. Kwiato","https://www.nik.gov.pl/kontrole/wyniki-kontroli-nik/pobierz,dlz~p_26_001_202601120841541768203714~id0~01,typ,kj.pdf",30,"Faktyczne zatrudnienie w2025 r. wyniosło 30 etatów; – § 407 Nagrody roczne dla funkcjonariuszy służby (plan – 470,0 tys. zł, wykonanie – 136,2 tys. zł, tj. 29,0%) - plan na nagrody roczne dla funkcjonariuszy w planie finansowym 3 "
DLZ,"Komenda Wojewódzka Policji w Gorzowie Wielkopolskim 66-400 Gorzów Wielkopolski, ul. Kwiato","https://www.nik.gov.pl/kontrole/wyniki-kontroli-nik/pobierz,dlz~p_26_001_202601120841541768203714~id0~01,typ,kj.pdf",,"U. z 2025 r. poz. 63), która weszła w życie 20 stycznia 2025 r. z mocą obowiązywania od dnia 1 stycznia 2025 r. 5 Na podstawie danych z systemu Informatyczny System Obsługi Budżetu Państwa TREZOR (dalej: TREZOR). 6 Poniżej 80% pla"
DLZ,"Komenda Wojewódzka Policji w Gorzowie Wielkopolskim 66-400 Gorzów Wielkopolski, ul. Kwiato","https://www.nik.gov.pl/kontrole/wyniki-kontroli-nik/pobierz,dlz~p_26_001_202601120841541768203714~id0~01,typ,kj.pdf","3288,46","Przeciętne zatrudnienie w KWP w 2025 r. wyniosło 3 288,46 osób13 i było wyższe w porównaniu do 2024 r. o 79,29 osób, tj. o 2,41% (przeciętne zatrudnienie w 2024 r. wynosiło 3 209,17 osób)"
DLZ,"Komenda Wojewódzka Policji w Gorzowie Wielkopolskim 66-400 Gorzów Wielkopolski, ul. Kwiato","https://www.nik.gov.pl/kontrole/wyniki-kontroli-nik/pobierz,dlz~p_26_001_202601120841541768203714~id0~01,typ,kj.pdf","3435,5","Na koniec 2025 r. zatrudnienie wyniosło 3 435,5 osoby, z tego 2 772 osoby w grupie 10 (żołnierze i funkcjonariusze)"
DLZ,"Komenda Wojewódzka Policji w Gorzowie Wielkopolskim 66-400 Gorzów Wielkopolski, ul. Kwiato","https://www.nik.gov.pl/kontrole/wyniki-kontroli-nik/pobierz,dlz~p_26_001_202601120841541768203714~id0~01,typ,kj.pdf","170,17","Różnice w stanie zatrudnienia w 2025 r. w porównaniu z rokiem 2024 r. w poszczególnych grupach wyniosły: − w grupie 01 osoby nieobjęte mnożnikowymi systemami wynagrodzeń – wzrost zatrudnienia o 1,43 etatu (w 2025 r. przeciętne zat"
DLZ,"Miejski Zakład Komunikacyjny sp. z o.o. w Żaganiu 68-100 Żagań, ul. Młynarska 6 Wystąpieni","https://www.nik.gov.pl/kontrole/wyniki-kontroli-nik/pobierz,dlz~p_26_001_202601120841541768203714~id2~01,typ,kj.pdf",,NOT_FOUND
DLZ,"Zielonogórski Związek Powiatowo-Gminny 66-016 Czerwieńsk, ul. Ogrodowa 0 Wystąpienie Data ","https://www.nik.gov.pl/kontrole/wyniki-kontroli-nik/pobierz,dlz~p_26_001_202601120841541768203714~id1~01,typ,kj.pdf",,NOT_FOUND
DMK,"CENTRUM ZAKUPÓW DLA SĄDOWNICTWA - INSTYTUCJA GOSP. BUDŻET. W KRAKOWIE ul. Wadowicka 6, 30-","https://www.nik.gov.pl/kontrole/wyniki-kontroli-nik/pobierz,dmk~p_26_001_202601120841541768203714~id3~01,typ,kj.pdf",,NOT_FOUND
DMK,"KOLEJE MAŁOPOLSKIE SP. Z O.O. ul. Wodna 2, 30-556 KRAKÓW Wystąpienie Data publikacji : 202","https://www.nik.gov.pl/kontrole/wyniki-kontroli-nik/pobierz,dmk~p_26_001_202601120841541768203714~id4~01,typ,kj.pdf",,NO_TEXT_LAYER(skan)
DMK,"MAŁOPOLSKI URZĄD WOJEWÓDZKI W KRAKOWIE ul. Basztowa 22, 31-156 KRAKÓW Wystąpienie Data pub","https://www.nik.gov.pl/kontrole/wyniki-kontroli-nik/pobierz,dmk~p_26_001_202601120841541768203714~id0~01,typ,kj.pdf",3475,Nie została przekroczona kwota wydatków na wynagrodzenia określona w planie finansowym (po zmianach) dysponenta części 85/12. (akta kontroli str. 2616-2617) W 2025 r. przeciętne zatrudnienie w części 85/12 wyniosło 3 475 osób w pr
DMK,"MAŁOPOLSKI URZĄD WOJEWÓDZKI W KRAKOWIE ul. Basztowa 22, 31-156 KRAKÓW Wystąpienie Data pub","https://www.nik.gov.pl/kontrole/wyniki-kontroli-nik/pobierz,dmk~p_26_001_202601120841541768203714~id0~01,typ,kj.pdf",,Największy wzrost przeciętnego zatrudnienia odnotowano w MUW w rozdziale 85321 Zespoły do spraw orzekania o niepełnosprawności (o 16 osób) w związku z realizacją od 2024 r. nowego zadania w zakresie ustalania poziomu potrzeby wspa
DMK,"MAŁOPOLSKI URZĄD WOJEWÓDZKI W KRAKOWIE ul. Basztowa 22, 31-156 KRAKÓW Wystąpienie Data pub","https://www.nik.gov.pl/kontrole/wyniki-kontroli-nik/pobierz,dmk~p_26_001_202601120841541768203714~id0~01,typ,kj.pdf",,"Wzrost przeciętnego zatrudnienia o 6 osób odnotowano również w rozdziale 60055 Inspekcja Transportu Drogowego, co wynikało z zatrudnienia inspektorów transportu drogowego do realizacji zadań związanych z tzw"
DMK,"URZĄD GMINY PODEGRODZIE Podegrodzie 248, 33-386 PODEGRODZIE Wystąpienie Data publikacji : ","https://www.nik.gov.pl/kontrole/wyniki-kontroli-nik/pobierz,dmk~p_26_001_202601120841541768203714~id5~01,typ,kj.pdf",,NO_TEXT_LAYER(skan)
DMK,"WOJEWÓDZKI INSPEKTORAT FARMACEUTYCZNY W KRAKOWIE Plac Szczepański 5, 31-011 KRAKÓW Wystąpi","https://www.nik.gov.pl/kontrole/wyniki-kontroli-nik/pobierz,dmk~p_26_001_202601120841541768203714~id2~01,typ,kj.pdf","28,04","Niezrealizowane wydatki w wysokości 100,0 tys. zł, na wniosek WIF zostały zablokowane na podstawie decyzji Wojewody Małopolskiego z 29 grudnia 2025 r. (akta kontroli str. 41-42, 50-51, 679-686) W WIF nie wystąpiły wydatki, które w"
DMK,"WOJEWÓDZKI URZĄD OCHRONY ZABYTKÓW W KRAKOWIE ul. Kanonicza 24, 31-002 KRAKÓW Wystąpienie D","https://www.nik.gov.pl/kontrole/wyniki-kontroli-nik/pobierz,dmk~p_26_001_202601120841541768203714~id1~01,typ,kj.pdf",,NO_TEXT_LAYER(skan)
DMW,"12 Terenowy Oddział Lotniskowy w Warszawie Aleje Jerozolimskie 97, 00-909 Warszawa Wystąpi","https://www.nik.gov.pl/kontrole/wyniki-kontroli-nik/pobierz,dmw~p_26_001_202601120841541768203714~id0~01,typ,kj.pdf","47,06","TOL zatrudnienie wynosiło 47,06 etatu, w tym w ramach statusu 01 – osoby nieobjęte mnożnikowymi systemami wynagrodzeń wynosiło 41,56 etatu, a w ramach statusu 10 – żołnierze zawodowi i funkcjonariusze wynosiło 5,50 etatu i było ni"
DMW,"Koleje Mazowieckie - KM Sp. z o.o. w Warszawie ul. Lubelska 26, 03-802 Warszawa Wystąpieni","https://www.nik.gov.pl/kontrole/wyniki-kontroli-nik/pobierz,dmw~p_26_001_202601120841541768203714~id7~01,typ,kj.pdf",,NOT_FOUND
DMW,"Komenda Wojewódzka Policji z siedzibą w Radomiu ul. 11 Listopada 37/59, 26-600 Radom Wystą","https://www.nik.gov.pl/kontrole/wyniki-kontroli-nik/pobierz,dmw~p_26_001_202601120841541768203714~id1~01,typ,kj.pdf","7076,61","Przeciętne zatrudnienie w KWP w 2025 r. ogółem wyniosło 7076,61 osoby34 i zwiększyło się w porównaniu do 2024 r. (6833,03 osoby) o 243,58 osoby, tj. o 3,6%. Na koniec 2025 r. stan zatrudnienia wyniósł 7426,41osoby, co stanowiło 97"
DMW,"Komenda Wojewódzka Policji z siedzibą w Radomiu ul. 11 Listopada 37/59, 26-600 Radom Wystą","https://www.nik.gov.pl/kontrole/wyniki-kontroli-nik/pobierz,dmw~p_26_001_202601120841541768203714~id1~01,typ,kj.pdf",,"Nastąpił również wzrost z 9,0 tys. zł do 9,7 tys. zł (o 7,8%) przeciętnego wynagrodzenia brutto na jednego pełnozatrudnionego. (akta kontroli tom II str. 31-32) Główna Księgowa wyjaśniła m.in., że na wzrost wynagrodzeń w 2025 r. g"
DMW,"Ośrodek Studiów Wschodnich im. M. Karpia w Warszawie ul. Koszykowa 6A, 00-564 Warszawa Wys","https://www.nik.gov.pl/kontrole/wyniki-kontroli-nik/pobierz,dmw~p_26_001_202601120841541768203714~id5~01,typ,kj.pdf",,NOT_FOUND
DMW,"Prokuratura Okręgowa Warszawa-Praga w Warszawie ul. Bródnowska 13/15, 03-439 Warszawa Wyst","https://www.nik.gov.pl/kontrole/wyniki-kontroli-nik/pobierz,dmw~p_26_001_202601120841541768203714~id4~01,typ,kj.pdf",,NOT_FOUND
DMW,"Prokuratura Regionalna w Warszawie ul. Krakowskie Przedmieście 25, 00-071 Warszawa Wystąpi","https://www.nik.gov.pl/kontrole/wyniki-kontroli-nik/pobierz,dmw~p_26_001_202601120841541768203714~id3~01,typ,kj.pdf",,NOT_FOUND
DMW,"Urząd Skarbowy Warszawa Bemowo ul. Białobrzeska 53A, 02-325 Warszawa Wystąpienie Data publ","https://www.nik.gov.pl/kontrole/wyniki-kontroli-nik/pobierz,dmw~p_26_001_202601120841541768203714~id6~01,typ,kj.pdf",,NOT_FOUND
DMW,"Zakład Emerytalno-Rentowy MSWiA w Warszawie ul. Pawińskiego 17/21, 02-106 Warszawa Wystąpi","https://www.nik.gov.pl/kontrole/wyniki-kontroli-nik/pobierz,dmw~p_26_001_202601120841541768203714~id2~01,typ,kj.pdf","424,14","W planie po zmianach wzrósł do około 13% planowanych wydatków na wynagrodzenia (w § 4010 i 4020) i finansowany był w ramach dostępnych w tym planie środków na wynagrodzenia. (akta kontroli tom II str. 154, 165-166) Przeciętne zatr"
DMW,"Zakład Emerytalno-Rentowy MSWiA w Warszawie ul. Pawińskiego 17/21, 02-106 Warszawa Wystąpi","https://www.nik.gov.pl/kontrole/wyniki-kontroli-nik/pobierz,dmw~p_26_001_202601120841541768203714~id2~01,typ,kj.pdf",,"Zwiększenie przeciętnego zatrudnienia było skutkiem uzupełniania braków w stanie zatrudnienia, jakie miały miejsce w latach ubiegłych"
DMW,"Związek Powiatowo-Gminny Garwolińskie Przewozy Gminno-Powiatowe ul. Mazowiecka 26, 08-400 ","https://www.nik.gov.pl/kontrole/wyniki-kontroli-nik/pobierz,dmw~p_26_001_202601120841541768203714~id8~01,typ,kj.pdf",,NOT_FOUND
DOO,"MIEJSKI ZAKŁAD KOMUNIKACJI W NYSIE SP. Z O.O. ul. Piłsudskiego 59, 48-303 NYSA Wystąpienie","https://www.nik.gov.pl/kontrole/wyniki-kontroli-nik/pobierz,doo~p_26_001_202601120841541768203714~id3~01,typ,kj.pdf",,NOT_FOUND
DOO,"OPOLSKI URZĄD WOJEWÓDZKI W OPOLU ul. Piastowska 14, 45-082 OPOLE Wystąpienie Data publikac","https://www.nik.gov.pl/kontrole/wyniki-kontroli-nik/pobierz,doo~p_26_001_202601120841541768203714~id0~01,typ,kj.pdf",1536,"Ozimskiej 19 w Opolu; 2/ w Urzędzie, w związku z wyższymi wydatkami na zakup usług szkoleniowych w zakresie cyberbezpieczeństwa, wsparcia technicznego związanego z zakupem sprzętu informatycznego oraz odnowienie licencji oprogramo"
DOO,"OPOLSKI URZĄD WOJEWÓDZKI W OPOLU ul. Piastowska 14, 45-082 OPOLE Wystąpienie Data publikac","https://www.nik.gov.pl/kontrole/wyniki-kontroli-nik/pobierz,doo~p_26_001_202601120841541768203714~id0~01,typ,kj.pdf",,"Wzrost przeciętnego zatrudnienia wynikał z przyjęcia do realizacji nowych zadań lub rozszerzenia ich zakresu, jak również z konieczności poprawy jakości wykonywanych zadań i wypełnienia braków w stanie zatrudnienia"
DOO,"PIERWSZY URZĄD SKARBOWY W OPOLU ul. Tadeusza Rejtana 3B, 45-331 OPOLE Wystąpienie Data pub","https://www.nik.gov.pl/kontrole/wyniki-kontroli-nik/pobierz,doo~p_26_001_202601120841541768203714~id5~01,typ,kj.pdf",,NOT_FOUND
DOO,"STAROSTWO POWIATOWE W NYSIE ul. Piastowska 33, 48-300 NYSA Wystąpienie Data publikacji : 2","https://www.nik.gov.pl/kontrole/wyniki-kontroli-nik/pobierz,doo~p_26_001_202601120841541768203714~id4~01,typ,kj.pdf",,NOT_FOUND
DOO,"WOJEWÓDZKI INSPEKTORAT FARMACEUTYCZNY W OPOLU ul. Plebiscytowa 5, 45-380 OPOLE Wystąpienie","https://www.nik.gov.pl/kontrole/wyniki-kontroli-nik/pobierz,doo~p_26_001_202601120841541768203714~id1~01,typ,kj.pdf",10,"W WIF nie prowadzono ponadto rejestru zamówień publicznych, których wartość nie przekraczała 130 tys. zł, pomimo obowiązku w tym zakresie wynikającego z § 6 Regulaminu zamówień WIF. Nie zrealizowano również ustawowego obowiązku zł"
DOO,"WOJEWÓDZKI URZĄD OCHRONY ZABYTKÓW W OPOLU ul. Piastowska 14, 45-082 OPOLE Wystąpienie Data","https://www.nik.gov.pl/kontrole/wyniki-kontroli-nik/pobierz,doo~p_26_001_202601120841541768203714~id2~01,typ,kj.pdf","23,56","Decyzją Wojewody Opolskiego z 9 października 2025 r. w sprawie zmian w budżecie państwa na rok 2025 nr 85/16.3122.2.282.2025.ZW zwiększono środki w rozdziale 92121, § 6060 o 47 tys. zł z przeznaczeniem na ww. zakup. (akta kontroli"
DPB,"Komenda Wojewódzka Policji w Białymstoku ul. Sienkiewicza 65, 15-003 Białystok Wystąpienie","https://www.nik.gov.pl/kontrole/wyniki-kontroli-nik/pobierz,dpb~p_26_001_202601120841541768203714~id0~01,typ,kj.pdf","406,89","Przyjęty przez KGP sposób przekazywania środków na nagrody na rachunek pomocniczy KWP, prowadzony w celu obsługi sum na zlecenie i depozytów, w konsekwencji negatywnie wpływał na przejrzystość planu finansowego i sprawozdań. (akta"
DPB,Podlaska Komunikacja Samochodowa NOVA Spółka Akcyjna w Białymstoku ul. Bohaterów Monte Cas,"https://www.nik.gov.pl/kontrole/wyniki-kontroli-nik/pobierz,dpb~p_26_001_202601120841541768203714~id3~01,typ,kj.pdf",,NOT_FOUND
DPB,"Prokuratura Okręgowa w Łomży Szosa Zambrowska 1/27, 18-400 Łomża Wystąpienie Data publikac","https://www.nik.gov.pl/kontrole/wyniki-kontroli-nik/pobierz,dpb~p_26_001_202601120841541768203714~id2~01,typ,kj.pdf",,"Przeciętne zatrudnienie (108,4 etatów) w porównaniu do 2024 r. zmniejszyło się o 1,3 etatu11. (akta kontroli str. 13-15, 262) 1.3"
DPB,"Prokuratura Regionalna w Białystoku ul. Włókiennicza 32, 15-464 Białystok Wystąpienie Data","https://www.nik.gov.pl/kontrole/wyniki-kontroli-nik/pobierz,dpb~p_26_001_202601120841541768203714~id1~01,typ,kj.pdf",,"W porównaniu do 2024 roku przeciętne zatrudnienie uległo zwiększeniu z 1.011,4 do 1.023,4 etatów (wzrost o 1,2%)"
DPB,"Prokuratura Regionalna w Białystoku ul. Włókiennicza 32, 15-464 Białystok Wystąpienie Data","https://www.nik.gov.pl/kontrole/wyniki-kontroli-nik/pobierz,dpb~p_26_001_202601120841541768203714~id1~01,typ,kj.pdf","108,1","Wydatki te były wyższe o 4.394,3 tys. zł (o 20,8%) w porównaniu do zrealizowanych w 2024 roku, co było spowodowane głównie: [1] wzrostem wynagrodzeń wynikających z waloryzacji oraz podwyższenia podstawy ustalenia wynagrodzenia; [2"
DPG,"DRUGI URZĄD SKARBOWY W GDAŃSKU ul. Kołobrzeska 43, 80-391 GDAŃSK Wystąpienie Data publikac","https://www.nik.gov.pl/kontrole/wyniki-kontroli-nik/pobierz,dpg~p_26_001_202601120841541768203714~id3~02,typ,kj.pdf",,NOT_FOUND
DPG,"KOMENDA WOJEWÓDZKA POLICJI W GDAŃSKU ul. Okopowa 15, 80-819 GDAŃSK Wystąpienie Data publik","https://www.nik.gov.pl/kontrole/wyniki-kontroli-nik/pobierz,dpg~p_26_001_202601120841541768203714~id1~01,typ,kj.pdf",6797,"Przeciętne zatrudnienie w 2025 r. wyniosło 6797 osób i było wyższe od zatrudnienia w 2024 r. o 152 osoby, tj. o 2,3%, z tego dla statusu nr 10 łącznie o 146 osób (w tym głównie w rozdziale 75405 łącznie o 95 osób oraz w rozdziale "
DPG,"KRAJOWE BIURO WYBORCZE DELEGATURA W SŁUPSKU ul. Jana Pawła II 1, 76-200 SŁUPSK Wystąpienie","https://www.nik.gov.pl/kontrole/wyniki-kontroli-nik/pobierz,dpg~p_26_001_202601120841541768203714~id0~01,typ,kj.pdf",,NOT_FOUND
DPG,"STAROSTWO POWIATOWE W SŁUPSKU ul. Szarych Szeregów 14, 76-200 SŁUPSK Wystąpienie Data publ","https://www.nik.gov.pl/kontrole/wyniki-kontroli-nik/pobierz,dpg~p_26_001_202601120841541768203714~id4~01,typ,kj.pdf",,NOT_FOUND
DPG,"URZĄD MARSZAŁKOWSKI WOJEWÓDZTWA POMORSKIEGO W GDAŃSKU ul. Okopowa 21/27, 80-810 GDAŃSK Wys","https://www.nik.gov.pl/kontrole/wyniki-kontroli-nik/pobierz,dpg~p_26_001_202601120841541768203714~id5~01,typ,kj.pdf",,NOT_FOUND
DPG,"WOJEWÓDZKI SĄD ADMINISTRACYJNY W GDAŃSKU Al. Zwycięstwa 16/17, 80-219 GDAŃSK Wystąpienie D","https://www.nik.gov.pl/kontrole/wyniki-kontroli-nik/pobierz,dpg~p_26_001_202601120841541768203714~id2~02,typ,kj.pdf",,"Przeciętne zatrudnienie w WSA w 2025 r. (100,55 osób) w stosunku do 2024 r. (99,95 osób) nie uległo istotnym zmianom10"
DPG,"WOJEWÓDZKI SĄD ADMINISTRACYJNY W GDAŃSKU Al. Zwycięstwa 16/17, 80-219 GDAŃSK Wystąpienie D","https://www.nik.gov.pl/kontrole/wyniki-kontroli-nik/pobierz,dpg~p_26_001_202601120841541768203714~id2~02,typ,kj.pdf",,"I tak: 6/15 10 Zmiany przeciętnego zatrudnienia wystąpiły w statusach zatrudnienia: 01 (osoby nieobjęte mnożnikowymi systemami wynagrodzeń): 53,89 osób w 2025 r. i 53,53 w 2024 r., 16 osób (referendarze sądowi): 3,96 osób w 2025 r"
DPG,"WOJEWÓDZKI SĄD ADMINISTRACYJNY W GDAŃSKU Al. Zwycięstwa 16/17, 80-219 GDAŃSK Wystąpienie D","https://www.nik.gov.pl/kontrole/wyniki-kontroli-nik/pobierz,dpg~p_26_001_202601120841541768203714~id2~02,typ,kj.pdf",,"W pozostałych statusach zatrudnienia przeciętne zatrudnienie w latach 2024 -2025 nie uległo zmianie i wyniosło: 5,00 osób – status 07 (asesorzy prokuratorscy i asesorzy sądowi) i 21 osób – status 09 (sędziowie i prokuratorzy). 11 "
DPR,"Miejska Komunikacja Samochodowa w Jaśle Sp. z o.o. ul. ks. Piotra Skargi 84, 38-200 Jasło ","https://www.nik.gov.pl/kontrole/wyniki-kontroli-nik/pobierz,dpr~p_26_001_202601120841541768203714~id4~01,typ,kj.pdf",,NOT_FOUND
DPR,"Podkarpacki Urząd Wojewódzki w Rzeszowie ul. Grunwaldzka 15, 35-959 Rzeszów Wystąpienie Da","https://www.nik.gov.pl/kontrole/wyniki-kontroli-nik/pobierz,dpr~p_26_001_202601120841541768203714~id0~01,typ,kj.pdf",3133,"Wydatki w ramach tej grupy realizowano zgodnie z planem rzeczowym i finansowym90. (akta kontroli tom I, str. 30-65, 316) W 2025 r. przeciętne zatrudnienie w części 85/18, w przeliczeniu na pełnozatrudnionych, wynosiło 3133 osób i "
DPR,"Podkarpacki Urząd Wojewódzki w Rzeszowie ul. Grunwaldzka 15, 35-959 Rzeszów Wystąpienie Da","https://www.nik.gov.pl/kontrole/wyniki-kontroli-nik/pobierz,dpr~p_26_001_202601120841541768203714~id0~01,typ,kj.pdf",,"Przeciętne zatrudnienie osób nieobjętych mnożnikowym systemem wynagrodzeń zwiększyło się o 50, członków korpusu służby cywilnej o 22 i funkcjonariuszy o jeden"
DPR,"Podkarpacki Urząd Wojewódzki w Rzeszowie ul. Grunwaldzka 15, 35-959 Rzeszów Wystąpienie Da","https://www.nik.gov.pl/kontrole/wyniki-kontroli-nik/pobierz,dpr~p_26_001_202601120841541768203714~id0~01,typ,kj.pdf",,Przeciętne zatrudnienie nie uległo zmianie w grupie osób zajmujących kierownicze stanowiska państwowe
DPR,"Podkarpacki Urząd Wojewódzki w Rzeszowie ul. Grunwaldzka 15, 35-959 Rzeszów Wystąpienie Da","https://www.nik.gov.pl/kontrole/wyniki-kontroli-nik/pobierz,dpr~p_26_001_202601120841541768203714~id0~01,typ,kj.pdf",,"Główną przyczyną wzrostu przeciętnego zatrudnienia było zatrudnienie dodatkowych pracowników w związku ze zwiększeniem ilości zadań wynikających z ustawy o świadczeniu wspierającym, wzmocnienie etatowe niektórych obszarów funkcjon"
DPR,"Podkarpacki Urząd Wojewódzki w Rzeszowie ul. Grunwaldzka 15, 35-959 Rzeszów Wystąpienie Da","https://www.nik.gov.pl/kontrole/wyniki-kontroli-nik/pobierz,dpr~p_26_001_202601120841541768203714~id0~01,typ,kj.pdf",,Wzrost przeciętnego zatrudnienia wynikał również z ruchów kadrowych
DPR,"Starostwo Powiatowe w Stalowej Woli ul. Podleśna 15, 37-450 Stalowa Wola Wystąpienie Data ","https://www.nik.gov.pl/kontrole/wyniki-kontroli-nik/pobierz,dpr~p_26_001_202601120841541768203714~id3~01,typ,kj.pdf",,NOT_FOUND
DPR,"Wojewódzki Inspektorat Farmaceutyczny w Rzeszowie ul. Warszawska, 35-205 Rzeszów Wystąpien","https://www.nik.gov.pl/kontrole/wyniki-kontroli-nik/pobierz,dpr~p_26_001_202601120841541768203714~id1~01,typ,kj.pdf","36,9","Ponadto w roku 2025 WIF zrealizował wydatki w dziale 752, rozdział 75295 w kwocie 150 tys. zł, w tym: wydatki majątkowe - 142,6 tys. zł oraz wydatki bieżące – 7,4 tys. zł. (akta kontroli str. 5) Według sprawozdania Rb-70, przecięt"
DPR,"Wojewódzki Urząd Ochrony Zabytków z siedzibą w Przemyślu ul. Jagiellońska 29, 37-700 Przem","https://www.nik.gov.pl/kontrole/wyniki-kontroli-nik/pobierz,dpr~p_26_001_202601120841541768203714~id2~01,typ,kj.pdf","56,21","Przeciętne zatrudnienie w WUOZ w 2025 r. w przeliczeniu na pełnozatrudnionych wynosiło 56,21 osób (w porównaniu do 2024 r. było wyższe o 4,1)"
DPR,"Wojewódzki Urząd Ochrony Zabytków z siedzibą w Przemyślu ul. Jagiellońska 29, 37-700 Przem","https://www.nik.gov.pl/kontrole/wyniki-kontroli-nik/pobierz,dpr~p_26_001_202601120841541768203714~id2~01,typ,kj.pdf",,"Przeciętne zatrudnienie osób nieobjętych mnożnikowymi systemami wynagrodzeń (grupa 01) i pracowników członków korpusu służby cywilnej (grupa 03) w 2025 r. wyniosło odpowiednio 10,75 i 45,46 osób (w roku poprzednim 10,83 i 41,28)"
DPR,"Wojewódzki Urząd Ochrony Zabytków z siedzibą w Przemyślu ul. Jagiellońska 29, 37-700 Przem","https://www.nik.gov.pl/kontrole/wyniki-kontroli-nik/pobierz,dpr~p_26_001_202601120841541768203714~id2~01,typ,kj.pdf",,"Na poziom przeciętnego zatrudnienia wpływ miały fluktuacje pracowników oraz ich czasowe nieobecności, w tym powroty do pracy po zakończeniu urlopów bezpłatnych, absencji chorobowych oraz świadczeń rehabilitacyjnych"
DPR,"Wojewódzki Urząd Ochrony Zabytków z siedzibą w Przemyślu ul. Jagiellońska 29, 37-700 Przem","https://www.nik.gov.pl/kontrole/wyniki-kontroli-nik/pobierz,dpr~p_26_001_202601120841541768203714~id2~01,typ,kj.pdf",,"Pozostałe wydatki poniesiono w § 4218, § 4219, § 4048, § 4049, § 4128, 4129, § 4418, § 4419, § 4718, § 4719 (łącznie 4,3 tys. zł). 14 Bez dodatkowego wynagrodzenia rocznego. 15 Bez dodatkowego wynagrodzenia rocznego strona 5 z 11 "
DPR,"Wojewódzki Urząd Ochrony Zabytków z siedzibą w Przemyślu ul. Jagiellońska 29, 37-700 Przem","https://www.nik.gov.pl/kontrole/wyniki-kontroli-nik/pobierz,dpr~p_26_001_202601120841541768203714~id2~01,typ,kj.pdf",,"Na poziom przeciętnego wynagrodzenia oddziaływały także czasowe nieobecności pracowników, które wpływały na ich liczbę uwzględnianą w przeciętnym zatrudnieniu. (akta kontroli tom I str. 81-87) Wydatki majątkowe WUOZ w 2025 r. wyni"
DWO,"FASTER SP. Z O.O. SP. K. ul. Konopnickiej 7 lok. 4, 10-168 OLSZTYN Wystąpienie Data publik","https://www.nik.gov.pl/kontrole/wyniki-kontroli-nik/pobierz,dwo~p_26_001_202601120841541768203714~id0~01,typ,kj.pdf",,NOT_FOUND
DWO,"FASTER WASH SP. Z O.O. ul. Szkolna 2F, 11-220 GÓROWO IŁAWECKIE Wystąpienie Data publikacji","https://www.nik.gov.pl/kontrole/wyniki-kontroli-nik/pobierz,dwo~p_26_001_202601120841541768203714~id1~01,typ,kj.pdf",,NOT_FOUND
DWO,"KOMENDA WOJEWÓDZKA POLICJI W OLSZTYNIE ul. Partyzantów 6/8, 10-959 OLSZTYN Wystąpienie Dat","https://www.nik.gov.pl/kontrole/wyniki-kontroli-nik/pobierz,dwo~p_26_001_202601120841541768203714~id2~01,typ,kj.pdf","9248,2","W 2025 r. w KWP26 przeciętne zatrudnienie27 na koniec 2025 r. wynosiło ogółem 4 575,7 etatów i w porównaniu do 2024 r. było wyższe o 272,8 etatu, tj. o 6,3%. I tak: − największy wzrost przeciętnego zatrudnienia wystąpił wśród funk"
DWP,"KRAJOWE BIURO WYBORCZE DELEGATURA W KONINIE Al. 1. Maja 7, 62-510 KONIN Wystąpienie Data p","https://www.nik.gov.pl/kontrole/wyniki-kontroli-nik/pobierz,dwp~p_26_001_202601120841541768203714~id0~01,typ,kj.pdf",,NOT_FOUND
DWP,"MIEJSKIE PRZEDSIĘBIORSTWO KOMUNIKACYJNE SP. Z O.O. W POZNANIU ul. Głogowska 131/133, 60-24","https://www.nik.gov.pl/kontrole/wyniki-kontroli-nik/pobierz,dwp~p_26_001_202601120841541768203714~id5~01,typ,kj.pdf",,NOT_FOUND
DWP,"PRZEDSIĘBIORSTWO KOMUNIKACJI SAMOCHODOWEJ W POZNANIU S.A. ul. Piekary 19, 61-823 POZNAŃ Wy","https://www.nik.gov.pl/kontrole/wyniki-kontroli-nik/pobierz,dwp~p_26_001_202601120841541768203714~id6~01,typ,kj.pdf",,NOT_FOUND
DWP,"SĄD APELACYJNY W POZNANIU ul. Trójpole 21, 61-693 POZNAŃ Wystąpienie Data publikacji : 202","https://www.nik.gov.pl/kontrole/wyniki-kontroli-nik/pobierz,dwp~p_26_001_202601120841541768203714~id1~01,typ,kj.pdf","14,1","Dane dotyczące decyzji o blokadzie wydatków zostały bezzwłocznie wprowadzone do sytemu TREZOR26. (akta kontroli str. 64-83, 1351-1405) W 2025 r. wydatki w części 15/05 były realizowane w czterech grupach ekonomicznych, tj.: świadc"
DWP,"SĄD OKRĘGOWY W KONINIE ul. Energetyka 5, 62-510 KONIN Wystąpienie Data publikacji : 2026-0","https://www.nik.gov.pl/kontrole/wyniki-kontroli-nik/pobierz,dwp~p_26_001_202601120841541768203714~id2~01,typ,kj.pdf","200,82","Największe kwotowo wydatki według klasyfikacji budżetowej dotyczyły: § 4010 – wynagrodzeń osobowych pracowników (20 176,3 tys. zł), § 4030 – wynagrodzeń osobowych sędziów i prokuratorów oraz asesorów i aplikantów (12 302,9 tys. zł"
DWP,"SĄD REJONOWY W KONINIE ul. Fryderyka Chopina 28, 62-510 KONIN Wystąpienie Data publikacji ","https://www.nik.gov.pl/kontrole/wyniki-kontroli-nik/pobierz,dwp~p_26_001_202601120841541768203714~id3~01,typ,kj.pdf","155,2","Środki te wykorzystano w całości i zgodnie z przeznaczeniem. (akta kontroli str. 36-42, 50-53) Przeciętne zatrudnienie w Sądzie w przeliczeniu na pełne etaty10 wyniosło 155,2 i było wyższe od zatrudnienia w 2024 r. o 2,8 etatu"
DWP,"URZĄD SKARBOWY POZNAŃ-WINOGRADY W POZNANIU ul.Zygm. Wojciechowskiego 3/5, 60-968 POZNAŃ Wy","https://www.nik.gov.pl/kontrole/wyniki-kontroli-nik/pobierz,dwp~p_26_001_202601120841541768203714~id4~01,typ,kj.pdf",,NOT_FOUND
DZS,"KRAJOWE BIURO WYBORCZE DELEGATURA W SZCZECINIE ul. Jana Matejki 6b, 71-615 SZCZECIN Wystąp","https://www.nik.gov.pl/kontrole/wyniki-kontroli-nik/pobierz,dzs~p_26_001_202601120841541768203714~id0~01,typ,kj.pdf",,NOT_FOUND
DZS,"PIERWSZY URZĄD SKARBOWY W SZCZECINIE ul. Michała Drzymały 5, 70-217 SZCZECIN Wystąpienie D","https://www.nik.gov.pl/kontrole/wyniki-kontroli-nik/pobierz,dzs~p_26_001_202601120841541768203714~id4~01,typ,kj.pdf",,NOT_FOUND
DZS,"SĄD APELACYJNY W SZCZECINIE ul. A. Mickiewicza 163, 71-165 SZCZECIN Wystąpienie Data publi","https://www.nik.gov.pl/kontrole/wyniki-kontroli-nik/pobierz,dzs~p_26_001_202601120841541768203714~id1~01,typ,kj.pdf",,"Wydatki te dotyczyły realizacji prawomocnych wyroków sądowych zasądzających wyrównanie wynagrodzeń sędziów wraz z należnymi odsetkami od dnia wymagalności roszczenia do dnia zapłaty. (akta kontroli str. 83, 872, 879-880, 881-887) "
DZS,"SĄD OKRĘGOWY W KOSZALINIE ul. L. Waryńskiego 7, 75-541 KOSZALIN Wystąpienie Data publikacj","https://www.nik.gov.pl/kontrole/wyniki-kontroli-nik/pobierz,dzs~p_26_001_202601120841541768203714~id2~01,typ,kj.pdf","254,27","Dyrektor Sądu postawił do dyspozycji Dyrektorowi Sądu Apelacyjnego w Szczecinie niewykorzystane w rozdziale 75502 (§ 6060) środki w wysokości 938,8 tys. zł. (akta kontroli str. 399-347, 656-661) Wydatki wykonane w układzie grup ek"
DZS,"SĄD OKRĘGOWY W KOSZALINIE ul. L. Waryńskiego 7, 75-541 KOSZALIN Wystąpienie Data publikacj","https://www.nik.gov.pl/kontrole/wyniki-kontroli-nik/pobierz,dzs~p_26_001_202601120841541768203714~id2~01,typ,kj.pdf",,"W 2025 r. w porównaniu do roku poprzedniego w grupie: a) osób nieobjętych mnożnikowymi systemami wynagrodzeń (01) wynagrodzenie zwiększyło się o 1,1 tys. zł (z 8,6 tys. zł do 9,7 tys. zł), przy jednoczesnym zwiększeniu przeciętneg"
DZS,"SĄD REJONOWY W SZCZECINKU ul. Bohaterów Warszawy 42, 78-400 SZCZECINEK Wystąpienie Data pu","https://www.nik.gov.pl/kontrole/wyniki-kontroli-nik/pobierz,dzs~p_26_001_202601120841541768203714~id3~01,typ,kj.pdf","92,75","U. poz. 63. 7 §§: 4010 i 4030. 8 § 4610. 9 § 4040. 10 Również na koniec 2024 r. 11 Rozdział 75502, §4580. 12 Zostały one naliczone od łącznej kwoty zobowiązań wynoszącej 413,7 tys. zł. 4 z 14 W 2025 r. wobec Sądu prowadzonych było"
DZS,"SĄD REJONOWY W SZCZECINKU ul. Bohaterów Warszawy 42, 78-400 SZCZECINEK Wystąpienie Data pu","https://www.nik.gov.pl/kontrole/wyniki-kontroli-nik/pobierz,dzs~p_26_001_202601120841541768203714~id3~01,typ,kj.pdf",,"W 2025 r. w porównaniu do roku poprzedniego w grupie: a) osób nieobjętych mnożnikowymi systemami wynagrodzeń (01) wynagrodzenie zwiększyło się o 1,5 tys. zł (z 8,4 tys. zł do 9,9 tys. zł), przy jednoczesnym zmniejszeniu przeciętne"
DZS,"SĄD REJONOWY W SZCZECINKU ul. Bohaterów Warszawy 42, 78-400 SZCZECINEK Wystąpienie Data pu","https://www.nik.gov.pl/kontrole/wyniki-kontroli-nik/pobierz,dzs~p_26_001_202601120841541768203714~id3~01,typ,kj.pdf",,"U. z 2025 r., poz. 1483, ze zm.; dalej: ufp. 16 Na podstawie wyroków sądowych dwóm sędziom w stanie spoczynku. 17 Przyznanych przez sąd. 18 Pismo Dyrektora Sądu Apelacyjnego w Szczecinie z 18 marca 2025 r. 19 Pismo Prezesa Sądu Ap"
DZS,"STAROSTWO POWIATOWE W DRAWSKU POMORSKIM Pl. E. Orzeszkowej 3, 78-500 DRAWSKO POMORSKIE Wys","https://www.nik.gov.pl/kontrole/wyniki-kontroli-nik/pobierz,dzs~p_26_001_202601120841541768203714~id6~01,typ,kj.pdf",,NOT_FOUND
DZS,URZĄD MARSZAŁKOWSKI WOJEWÓDZTWA ZACHODNIOPOMORSKIEGO W SZCZECINIE ul. Marsz. J. Piłsudskie,"https://www.nik.gov.pl/kontrole/wyniki-kontroli-nik/pobierz,dzs~p_26_001_202601120841541768203714~id5~01,typ,kj.pdf",,NOT_FOUND
KBN,"Agencja Mienia Wojskowego ul. Nowowiejska 26A, 00-911 Warszawa Wystąpienie Data publikacji","https://www.nik.gov.pl/kontrole/wyniki-kontroli-nik/pobierz,kbn~p_26_001_202601120841541768203714~id13~01,typ,kj.pdf",,NOT_FOUND
KBN,"Agencja Uzbrojenia ul. Królewska 1/7, 00-909 Warszawa Wystąpienie Data publikacji : 2026-0","https://www.nik.gov.pl/kontrole/wyniki-kontroli-nik/pobierz,kbn~p_26_001_202601120841541768203714~id12~01,typ,kj.pdf",,NOT_FOUND
KBN,"Centralny Zarząd Służby Więziennej ul. Rakowiecka 37a, 02-521 Warszawa Wystąpienie Data pu","https://www.nik.gov.pl/kontrole/wyniki-kontroli-nik/pobierz,kbn~p_26_001_202601120841541768203714~id5~01,typ,kj.pdf",29021,"W 2025 r. na ten cel CZSW, jako dysponent środków III stopnia, wydatkował kwotę 2 909 tys. zł. (akta kontroli str. 13; 73; 190-195) Wydatki bieżące Przeciętne zatrudnienie w SW w 2025 r. wyniosło 29 021 osób (w 2024 r. – 28 475 os"
KBN,"Centralny Zarząd Służby Więziennej ul. Rakowiecka 37a, 02-521 Warszawa Wystąpienie Data pu","https://www.nik.gov.pl/kontrole/wyniki-kontroli-nik/pobierz,kbn~p_26_001_202601120841541768203714~id5~01,typ,kj.pdf",9847,"Przeciętne miesięczne wynagrodzenie brutto na jednego pełnozatrudnionego wynosiło 9 847 tys. zł i w porównaniu do 2024 r. było wyższe o 7,6%. (akta kontroli str. 14; 16) Przeciętne zatrudnienie u dysponenta III stopnia wynosiło 51"
KBN,Instytut Pamięci Narodowej - Komisja Ścigania Zbrodni Przeciwko Narodowi Polskiemu ul. Jan,"https://www.nik.gov.pl/kontrole/wyniki-kontroli-nik/pobierz,kbn~p_26_001_202601120841541768203714~id8~01,typ,kj.pdf",2214,"Niższa realizacja wydatków wynikała przede wszystkim ze znacznie mniejszej, niż w 2024 r. kwoty wydatków inwestycyjnych jednostki budżetowej. (akta kontroli Tom I str. 252-253, 291-295, Tom II str. 97-99, 109-114, 406-420) Zatrudn"
KBN,Instytut Pamięci Narodowej - Komisja Ścigania Zbrodni Przeciwko Narodowi Polskiemu ul. Jan,"https://www.nik.gov.pl/kontrole/wyniki-kontroli-nik/pobierz,kbn~p_26_001_202601120841541768203714~id8~01,typ,kj.pdf",905,Przeciętne zatrudnienie w Centrali IPN w 2025 r. wyniosło 905 osób (w przeliczeniu na pełnozatrudnionych)
KBN,"Komenda Główna Policji ul. Puławska 148/150, 02-624 Warszawa Wystąpienie Data publikacji :","https://www.nik.gov.pl/kontrole/wyniki-kontroli-nik/pobierz,kbn~p_26_001_202601120841541768203714~id10~01,typ,kj.pdf","120447,9","Przeciętne zatrudnienie w Policji w 2025 r. (w przeliczeniu na pełnozatrudnionych) wyniosło 120 447,9 osób, w tym: 97 714,1 funkcjonariuszy, 11 448,2 członków ksc i 11 285,6 pracowników Policji (osób nieobjętych mnożnikowym system"
KBN,"Komenda Główna Policji ul. Puławska 148/150, 02-624 Warszawa Wystąpienie Data publikacji :","https://www.nik.gov.pl/kontrole/wyniki-kontroli-nik/pobierz,kbn~p_26_001_202601120841541768203714~id10~01,typ,kj.pdf","3698,8","Przeciętne zatrudnienie w KGP w 2025 r. wyniosło 3 698,8 osoby, w tym 2 235,3 funkcjonariuszy, 952,6 członków ksc oraz 510,9 pracowników Policji"
KBN,"Komenda Główna Policji ul. Puławska 148/150, 02-624 Warszawa Wystąpienie Data publikacji :","https://www.nik.gov.pl/kontrole/wyniki-kontroli-nik/pobierz,kbn~p_26_001_202601120841541768203714~id10~01,typ,kj.pdf",,"W porównaniu z 2024 r. przeciętne zatrudnienie było wyższe o 170 osób (4,8%), w tym w grupie funkcjonariuszy zwiększyło się o 131 osób, w ksc o 20, a w grupie pracowników Policji o 19 osób19"
KBN,"Ministerstwo Obrony Narodowej Al. Niepodległości 218, 00-911 Warszawa Wystąpienie Data pub","https://www.nik.gov.pl/kontrole/wyniki-kontroli-nik/pobierz,kbn~p_26_001_202601120841541768203714~id11~01,typ,kj.pdf",,Przeciętne zatrudnienie w przeliczeniu na pełne etaty wyniosło w 2025 roku 195 620 osób13 i było o 10 804 osoby wyższe niż w 2024 r
KBN,"Ministerstwo Spraw Wewnętrznych i Administracji ul. Batorego 5, 02-591 Warszawa Wystąpieni","https://www.nik.gov.pl/kontrole/wyniki-kontroli-nik/pobierz,kbn~p_26_001_202601120841541768203714~id9~01,typ,kj.pdf",145558,"Przeciętne zatrudnienie w roku 2025 wyniosło 145 558 i było wyższe o 4 565 osób względem 2024 r., tj. o 3,2% m.in. z uwagi na: wzrost zatrudnienia funkcjonariuszy (o 4 334 osób) oraz członków korpusu służby cywilnej (o 153 osób) i"
KBN,"Ministerstwo Sprawiedliwości Aleje Ujazdowskie 11, 00-950 Warszawa Wystąpienie Data publik","https://www.nik.gov.pl/kontrole/wyniki-kontroli-nik/pobierz,kbn~p_26_001_202601120841541768203714~id3~01,typ,kj.pdf",,"III str.205-213, 252, 308-316, 344-374) W 2025 r. przeciętne zatrudnienie w części 15/00 – sądy powszechne wzrosło o 1367 etatów, tj. o 2,6% w stosunku do 2024 r. 37, przy czym najwyższą dynamikę wzrostu stanu zatrudnienia odnotow"
KBN,"Ministerstwo Sprawiedliwości Aleje Ujazdowskie 11, 00-950 Warszawa Wystąpienie Data publik","https://www.nik.gov.pl/kontrole/wyniki-kontroli-nik/pobierz,kbn~p_26_001_202601120841541768203714~id3~01,typ,kj.pdf",,"Najwyższy wzrost przeciętnego zatrudnienia nastąpił w grupie asystentów sędziów (o 658 etatów, tj. 17,3%), urzędników sądowych (o 626 etatów, tj. 2,1%) i grupie referendarzy sądowych (o 143 etaty, tj. 5,5%)"
KBN,"Ministerstwo Sprawiedliwości Aleje Ujazdowskie 11, 00-950 Warszawa Wystąpienie Data publik","https://www.nik.gov.pl/kontrole/wyniki-kontroli-nik/pobierz,kbn~p_26_001_202601120841541768203714~id3~01,typ,kj.pdf",,Nieznaczny spadek przeciętnego zatrudnienia w stosunku do roku 2024 r. odnotowano w grupie sędziów (o 46 etaty) i innych pracowników sądowych (o 87 etatów)
KBN,"Ministerstwo Sprawiedliwości Aleje Ujazdowskie 11, 00-950 Warszawa Wystąpienie Data publik","https://www.nik.gov.pl/kontrole/wyniki-kontroli-nik/pobierz,kbn~p_26_001_202601120841541768203714~id3~01,typ,kj.pdf",,"Jak wyjaśniła Zastępca Dyrektora Departamentu Kadr i Organizacji Sądów Powszechnych i Wojskowych, wzrost przeciętnego zatrudnienia zarówno w grupie asystentów sędziów, jak i innych grupach zawodowych, wynikał bezpośrednio z przyzn"
KBN,"Ministerstwo Sprawiedliwości Aleje Ujazdowskie 11, 00-950 Warszawa Wystąpienie Data publik","https://www.nik.gov.pl/kontrole/wyniki-kontroli-nik/pobierz,kbn~p_26_001_202601120841541768203714~id4~01,typ,kj.pdf",,W 2025 roku przeciętne zatrudnienie wzrosło względem roku poprzedniego z 874 do 894 osób
KBN,"Ministerstwo Sprawiedliwości Aleje Ujazdowskie 11, 00-950 Warszawa Wystąpienie Data publik","https://www.nik.gov.pl/kontrole/wyniki-kontroli-nik/pobierz,kbn~p_26_001_202601120841541768203714~id4~01,typ,kj.pdf",,Jednocześnie odnotowano spadek przeciętnego zatrudnienia w grupie osób nieobjętych mnożnikowymi systemami wynagrodzeń z 165 do 142 oraz w grupie osób zajmujących kierownicze stanowiska państwowe z sześciu do czterech
KBN,"Naczelny Sąd Administracyjny ul. Gabriela Piotra Boduena 3/5, 00-011 Warszawa Wystąpienie ","https://www.nik.gov.pl/kontrole/wyniki-kontroli-nik/pobierz,kbn~p_26_001_202601120841541768203714~id1~01,typ,kj.pdf",2364,"Ponadto nie zrealizowano podzadania „płatność za I i II etap Systemu Obsługi Sekretariatów Sądów Administracyjnych (OSSA)”, bowiem na 2026 r. został przesunięty termin zakończenia prac objętych etapem II. (akta kontroli tom III st"
KBN,"Naczelny Sąd Administracyjny ul. Gabriela Piotra Boduena 3/5, 00-011 Warszawa Wystąpienie ","https://www.nik.gov.pl/kontrole/wyniki-kontroli-nik/pobierz,kbn~p_26_001_202601120841541768203714~id1~01,typ,kj.pdf",555,W Naczelnym Sądzie Administracyjnym (dysponent III stopnia) przeciętne zatrudnienie w 2025 r. wyniosło 555 osób i było wyższe w porównaniu do 2024 r. o 34 etaty
KBN,"Naczelny Sąd Administracyjny ul. Gabriela Piotra Boduena 3/5, 00-011 Warszawa Wystąpienie ","https://www.nik.gov.pl/kontrole/wyniki-kontroli-nik/pobierz,kbn~p_26_001_202601120841541768203714~id1~01,typ,kj.pdf",,"Wzrost przeciętnego zatrudnienia zarówno w części budżetowej 05, jak i w Naczelnym Sądzie Administracyjnym wynikał m.in. ze zmian w grupie osób nieobjętych mnożnikowymi systemami wynagrodzeń, tj. pracowników administracji oraz w g"
KBN,"Prokuratura Krajowa ul. Postępu 3, 02-676 Warszawa Wystąpienie Data publikacji : 2026-08-0","https://www.nik.gov.pl/kontrole/wyniki-kontroli-nik/pobierz,kbn~p_26_001_202601120841541768203714~id6~01,typ,kj.pdf",14935,"Wydatki te dotyczyły w szczególności zakupu przestrzeni dyskowej do macierzy obiektowych, rozbudowy infrastruktury sieciowej, licencji na potrzeby systemów teleinformatycznych, zestawów komputerowych, serwisu gwarancyjnego urządze"
KBN,"Prokuratura Krajowa ul. Postępu 3, 02-676 Warszawa Wystąpienie Data publikacji : 2026-08-0","https://www.nik.gov.pl/kontrole/wyniki-kontroli-nik/pobierz,kbn~p_26_001_202601120841541768203714~id6~01,typ,kj.pdf",,W porównaniu do przeciętnego zatrudnienia w 2024 r. było wyższe o 136 osób (33 osoby w dziale 752 Obrona narodowa oraz 103 osoby w dziale 755)
KBN,"Prokuratura Krajowa ul. Postępu 3, 02-676 Warszawa Wystąpienie Data publikacji : 2026-08-0","https://www.nik.gov.pl/kontrole/wyniki-kontroli-nik/pobierz,kbn~p_26_001_202601120841541768203714~id6~01,typ,kj.pdf",378,"Wzrost był spowodowany zwiększeniem wynagrodzeń grupy orzeczniczej oraz wypłatą wyrównania wynagrodzeń prokuratorom i asesorom, a także wzrostem wynagrodzeń grupy pracowniczej 5/12 wynikającym z waloryzacji oraz zrealizowanych pod"
KBN,"Sąd Najwyższy Pl. Krasińskich 2/4/6, 00-951Warszawa Wystąpienie Data publikacji : 2026-08-","https://www.nik.gov.pl/kontrole/wyniki-kontroli-nik/pobierz,kbn~p_26_001_202601120841541768203714~id0~01,typ,kj.pdf",22904,"Kwoty te zostały przeznaczone na zwiększenie funduszu nagród za szczególne osiągnięcia w pracy dla asystentów sędziów oraz pracowników administracji i innych pracowników Sądu Najwyższego, w tym za wykonywanie czynności związanych "
KBN,"Sąd Najwyższy Pl. Krasińskich 2/4/6, 00-951Warszawa Wystąpienie Data publikacji : 2026-08-","https://www.nik.gov.pl/kontrole/wyniki-kontroli-nik/pobierz,kbn~p_26_001_202601120841541768203714~id0~01,typ,kj.pdf",,Przeciętne zatrudnienie w 2025 r. w grupie zawodowej sędziów Sądu Najwyższego utrzymało się na tym samym poziomie jak w 2024 r
KBN,"Sąd Najwyższy Pl. Krasińskich 2/4/6, 00-951Warszawa Wystąpienie Data publikacji : 2026-08-","https://www.nik.gov.pl/kontrole/wyniki-kontroli-nik/pobierz,kbn~p_26_001_202601120841541768203714~id0~01,typ,kj.pdf",,"Na wzrost przeciętnego zatrudnienia w grupie urzędników państwowych i pracowników niebędących urzędnikami państwowymi w 2025 r., w porównaniu do roku 2024, wpływ miała przede wszystkim fluktuacja kadr wynikająca z przyczyn obiekty"
KBN,"Sąd Najwyższy Pl. Krasińskich 2/4/6, 00-951Warszawa Wystąpienie Data publikacji : 2026-08-","https://www.nik.gov.pl/kontrole/wyniki-kontroli-nik/pobierz,kbn~p_26_001_202601120841541768203714~id0~01,typ,kj.pdf",,"Ze względu na konieczność przeprowadzenia stosownych postępowań konkursowych stanowiska, które zwolniły się w roku 2024, zostały obsadzone dopiero w roku 2025, co znalazło odzwierciedlanie w poziomie przeciętnego zatrudnienia"
KBN,"Trybunał Konstytucyjny Al. J. C. Szucha 12A, 00-918 Warszawa Wystąpienie Data publikacji :","https://www.nik.gov.pl/kontrole/wyniki-kontroli-nik/pobierz,kbn~p_26_001_202601120841541768203714~id2~01,typ,kj.pdf",131,"Środki te przeznaczono między innymi na: wynagrodzenia oraz pochodne od wynagrodzeń, zakup energii elektrycznej i cieplnej, dostęp do orzecznictwa i aktów prawnych, zakup sprzętu komputerowego i oprogramowania oraz zakup usług: sp"
KBN,"Urząd Ochrony Danych Osobowych ul. Stawki 2, 00-193 Warszawa Wystąpienie Data publikacji :","https://www.nik.gov.pl/kontrole/wyniki-kontroli-nik/pobierz,kbn~p_26_001_202601120841541768203714~id7~01,typ,kj.pdf",,"W 2025 r. w części 10 - Urząd Ochrony Danych Osobowych przeciętne zatrudnienie (w osobach w przeliczeniu na pełne etaty) w porównaniu do 2024 r. zwiększyło się o 6,6% (z 258 do 275, tj. o 17 osób)"
KFP,"Bank Gospodarstwa Krajowego Centrala w Warszawie 00-955 Warszawa, Al. Jerozolimskie 7, woj","https://www.nik.gov.pl/kontrole/wyniki-kontroli-nik/pobierz,kfp~p_26_001_202601120841541768203714~id20~01,typ,kj.pdf",,NOT_FOUND
KFP,"Biuro Rzecznika Praw Obywatelskich 00-090 Warszawa, Al. Solidarności 77, woj. Mazowieckie ","https://www.nik.gov.pl/kontrole/wyniki-kontroli-nik/pobierz,kfp~p_26_001_202601120841541768203714~id3~01,typ,kj.pdf",332,"U. poz. 928. 4 z 13 - wynagrodzeń osobowych i pochodnych od tych wynagrodzeń o 5660 tys. zł, tj. o 10,5%, - zakupu usług pozostałych o 263,5 tys. zł, tj. o 3,7%, - zakupu usług obejmujących wykonanie ekspertyz, analiz i opinii o 2"
KFP,"Główny Urząd Statystyczny w Warszawie 00-925 Warszawa, Al. Niepodległości 208, woj. mazowi","https://www.nik.gov.pl/kontrole/wyniki-kontroli-nik/pobierz,kfp~p_26_001_202601120841541768203714~id8~01,typ,kj.pdf","9338,14","Przeciętne miesięczne wynagrodzenie brutto na jednego pełnozatrudnionego w 2025 r. wynosiło 9338,14 zł i w porównaniu z przeciętnym wynagrodzeniem brutto w 2024 r. (8777,29 zł) było wyższe o 560,85 zł, tj. o 6,4%. Przeciętne zatru"
KFP,"Główny Urząd Statystyczny w Warszawie 00-925 Warszawa, Al. Niepodległości 208, woj. mazowi","https://www.nik.gov.pl/kontrole/wyniki-kontroli-nik/pobierz,kfp~p_26_001_202601120841541768203714~id8~01,typ,kj.pdf",1450,"Przeciętne zatrudnienie w grupie pracowników nieobjętych mnożnikowym systemem wynagradzania wynosiło 1450 osób (o 25 osób mniej niż w 2024 r.), a w grupie osób będących członkami korpusu służby cywilnej wynosiło 3528 osób (o 44 os"
KFP,"Główny Urząd Statystyczny w Warszawie 00-925 Warszawa, Al. Niepodległości 208, woj. mazowi","https://www.nik.gov.pl/kontrole/wyniki-kontroli-nik/pobierz,kfp~p_26_001_202601120841541768203714~id8~01,typ,kj.pdf",,Ponadto przeciętne zatrudnienie w grupie osób zajmujących kierownicze stanowiska wyniosło trzy osoby (o dwie osoby więcej niż w 2024 r.)
KFP,"Główny Urząd Statystyczny w Warszawie 00-925 Warszawa, Al. Niepodległości 208, woj. mazowi","https://www.nik.gov.pl/kontrole/wyniki-kontroli-nik/pobierz,kfp~p_26_001_202601120841541768203714~id8~01,typ,kj.pdf",,"Wzrost przeciętnego zatrudnienia w części 58 wynikał m.in. z zatrudnienia dodatkowego personelu w obszarach obsługi medialnej, w obszarze komunikacji i promocji, realizacji prac badawczo-rozwojowych i eksperymentalnych, realizacji"
KFP,"Kancelaria Prezesa Rady Ministrów 00-583 Warszawa, Al. Ujazdowskie 1/3, woj. Mazowieckie W","https://www.nik.gov.pl/kontrole/wyniki-kontroli-nik/pobierz,kfp~p_26_001_202601120841541768203714~id12~01,typ,kj.pdf",,NOT_FOUND
KFP,"Kancelaria Prezesa Rady Ministrów 00-583 Warszawa, Al. Ujazdowskie 1/3, woj. Mazowieckie W","https://www.nik.gov.pl/kontrole/wyniki-kontroli-nik/pobierz,kfp~p_26_001_202601120841541768203714~id5~01,typ,kj.pdf",737,"Przeciętne zatrudnienie w KPRM w 2025 r. wyniosło 737 pełnozatrudnionych i było niższe o 11 (tj. o 1,5%) niż w 2024 r. (748 pełnozatrudnionych)"
KFP,"Kancelaria Prezesa Rady Ministrów 00-583 Warszawa, Al. Ujazdowskie 1/3, woj. Mazowieckie W","https://www.nik.gov.pl/kontrole/wyniki-kontroli-nik/pobierz,kfp~p_26_001_202601120841541768203714~id5~01,typ,kj.pdf",,"Spadek przeciętnego zatrudnienia w 2025 r. w stosunku do 2024 r., jak wyjaśnił Dyrektor BBF, działający z upoważnienia Dyrektora Generalnego KPRM, dotyczył głównie pracowników nieobjętych mnożnikowymi systemami wynagrodzeń i wynik"
KFP,"Kancelaria Prezesa Rady Ministrów 00-583 Warszawa, Al. Ujazdowskie 1/3, woj. Mazowieckie W","https://www.nik.gov.pl/kontrole/wyniki-kontroli-nik/pobierz,kfp~p_26_001_202601120841541768203714~id5~01,typ,kj.pdf",,"Dyrektor Biura Kadr i Rozwoju Zawodowego wyjaśniła m.in., że po każdym zakończonym kwartale BKRZ49 przekazuje do BBF (…) stan przeciętnego zatrudnienia i stan na koniec okresu w podziale na paragrafy klasyfikacji budżetowej, które"
KFP,"Kancelaria Prezydenta Rzeczypospolitej Polskiej 00-902 Warszawa, ul. Wiejska 10, woj. Mazo","https://www.nik.gov.pl/kontrole/wyniki-kontroli-nik/pobierz,kfp~p_26_001_202601120841541768203714~id0~01,typ,kj.pdf",440,"Przeciętne zatrudnienie w przeliczeniu na pełnozatrudnionych w części 01 w 2025 r. wyniosło 440 osób i było o 19 osób (o 4,5%) wyższe niż w 2024 r"
KFP,"Kancelaria Sejmu RP 00-902 Warszawa, ul. Wiejska 4/6/8, woj. Mazowieckie Wystąpienie Data ","https://www.nik.gov.pl/kontrole/wyniki-kontroli-nik/pobierz,kfp~p_26_001_202601120841541768203714~id1~01,typ,kj.pdf",1785,"Przeciętne zatrudnienie według sprawozdania Rb-70 o zatrudnieniu i wynagrodzeniach za cztery kwartały 2025 r. (w przeliczeniu na pełne etaty) wyniosło 1785 osób i było wyższe o 75 osób w porównaniu do 2024 r. (1710 osób), z tego: "
KFP,"Kancelaria Sejmu RP 00-902 Warszawa, ul. Wiejska 4/6/8, woj. Mazowieckie Wystąpienie Data ","https://www.nik.gov.pl/kontrole/wyniki-kontroli-nik/pobierz,kfp~p_26_001_202601120841541768203714~id1~01,typ,kj.pdf",,"Wzrost przeciętnego zatrudnienia w 2025 r. wynikał m.in. z: poszerzenia zakresu dotychczasowych zadań pionu ochrony, powołania nowego Wydziału Spraw Ustrojowych w Gabinecie Marszałka Sejmu, zwiększenia liczby i zakresu zadań związ"
KFP,"Kancelaria Senatu RP 00-902 Warszawa, ul. Wiejska 6/8, woj. Mazowieckie Wystąpienie Data p","https://www.nik.gov.pl/kontrole/wyniki-kontroli-nik/pobierz,kfp~p_26_001_202601120841541768203714~id2~01,typ,kj.pdf",441,"Udział dotacji i subwencji w wydatkach w części 03 wzrósł z 5,7% w 2024 r. do 28,6% w 2025 r., a udział wydatków bieżących jednostek budżetowych zmniejszył się z 71,4% do 54,3%. (akta kontroli tom I str. 37) Przeciętne zatrudnieni"
KFP,"Kancelaria Senatu RP 00-902 Warszawa, ul. Wiejska 6/8, woj. Mazowieckie Wystąpienie Data p","https://www.nik.gov.pl/kontrole/wyniki-kontroli-nik/pobierz,kfp~p_26_001_202601120841541768203714~id2~01,typ,kj.pdf",,Wzrost przeciętnego zatrudnienia w 2025 r. odnotowano głównie w Biurze Polonijnym (o siedem osób)
KFP,"Krajowe Biuro Wyborcze 00-902 Warszawa, ul. Wiejska 10, woj. Mazowieckie Wystąpienie Data ","https://www.nik.gov.pl/kontrole/wyniki-kontroli-nik/pobierz,kfp~p_26_001_202601120841541768203714~id4~01,typ,kj.pdf","10573,38","Przeciętne miesięczne wynagrodzenie pracowników nieobjętych mnożnikowym systemem wynagradzania34 wyniosło 10 573,38 zł i było wyższe niż w 2024 r. o 5%. W centrali KBW przeciętne zatrudnienie w 2025 r. wyniosło 53,1 i było o 1,61 "
KFP,"Ministerstwo Finansów 00-916 Warszawa, ul. Świętokrzyska 12, woj. Mazowieckie Wystąpienie ","https://www.nik.gov.pl/kontrole/wyniki-kontroli-nik/pobierz,kfp~p_26_001_202601120841541768203714~id11~01,typ,kj.pdf",,NO_TEXT_LAYER(skan)
KFP,Inne Data publikacji : 2026-08-04 11:44,"https://www.nik.gov.pl/kontrole/wyniki-kontroli-nik/pobierz,kfp~p_26_001_202601120841541768203714~id11~02,typ,kj.pdf",,NOT_FOUND
KFP,"Ministerstwo Finansów 00-916 Warszawa, ul. Świętokrzyska 12, woj. Mazowieckie Wystąpienie ","https://www.nik.gov.pl/kontrole/wyniki-kontroli-nik/pobierz,kfp~p_26_001_202601120841541768203714~id10~01,typ,kj.pdf",,NOT_FOUND
KFP,"Ministerstwo Finansów 00-916 Warszawa, ul. Świętokrzyska 12, woj. Mazowieckie Wystąpienie ","https://www.nik.gov.pl/kontrole/wyniki-kontroli-nik/pobierz,kfp~p_26_001_202601120841541768203714~id13~01,typ,kj.pdf",11276,"Przeciętne zatrudnienie w tych jednostkach wzrosło z 619 458 89 Przegląd zakończony raportem z lutego 2026 r. 90 https://www.gov.pl/web/finanse/przeglady-wydatkow-od-2024-r 34 z 44 osób w 2024 r. do 639 235 osób w 2025 r., tj. o 3"
KFP,"Ministerstwo Finansów 00-916 Warszawa, ul. Świętokrzyska 12, woj. Mazowieckie Wystąpienie ","https://www.nik.gov.pl/kontrole/wyniki-kontroli-nik/pobierz,kfp~p_26_001_202601120841541768203714~id15~01,typ,kj.pdf",,NOT_FOUND
KFP,"Ministerstwo Finansów 00-916 Warszawa, ul. Świętokrzyska 12, woj. Mazowieckie Wystąpienie ","https://www.nik.gov.pl/kontrole/wyniki-kontroli-nik/pobierz,kfp~p_26_001_202601120841541768203714~id14~01,typ,kj.pdf",,NOT_FOUND
KFP,"Ministerstwo Finansów 00-916 Warszawa, ul. Świętokrzyska 12, woj. Mazowieckie Wystąpienie ","https://www.nik.gov.pl/kontrole/wyniki-kontroli-nik/pobierz,kfp~p_26_001_202601120841541768203714~id16~01,typ,kj.pdf",,NOT_FOUND
KFP,"Ministerstwo Finansów 00-916 Warszawa, ul. Świętokrzyska 12, woj. Mazowieckie Wystąpienie ","https://www.nik.gov.pl/kontrole/wyniki-kontroli-nik/pobierz,kfp~p_26_001_202601120841541768203714~id6~01,typ,kj.pdf",63537,"Najwyższy wzrost przeciętnego miesięcznego wynagrodzenia dotyczył funkcjonariuszy Służby Celno-Skarbowej – 11,5% oraz członków korpusu służby cywilnej – 11,2%. Przeciętne zatrudnienie w części 19 w 2025 r. wyniosło 63 537 osób i w"
KFP,"Ministerstwo Finansów 00-916 Warszawa, ul. Świętokrzyska 12, woj. Mazowieckie Wystąpienie ","https://www.nik.gov.pl/kontrole/wyniki-kontroli-nik/pobierz,kfp~p_26_001_202601120841541768203714~id6~01,typ,kj.pdf",,"Zwiększenie zatrudnienia wystąpiło również w Ministerstwie Finansów o 66 osób, tj. o 2,1% i w Krajowej Informacji Skarbowej o 48 osób (o 4,3%). 26 W trybie art. 69 ust. 2 pkt 1 ustawy o zmianie ustawy o COVID-19. 27 W trybie art. "
KFP,"Ministerstwo Spraw Zagranicznych 00-580 Warszawa, Al. J.Ch. Szucha 23, woj. Mazowieckie Wy","https://www.nik.gov.pl/kontrole/wyniki-kontroli-nik/pobierz,kfp~p_26_001_202601120841541768203714~id7~01,typ,kj.pdf",149,"Przeciętne zatrudnienie wyniosło 149 osób (w przeliczeniu na pełne etaty) i w stosunku do roku 2024 zwiększyło się o jedną osobę (tj. o 0,7%)"
KFP,"Ministerstwo Spraw Zagranicznych 00-580 Warszawa, Al. J.Ch. Szucha 23, woj. Mazowieckie Wy","https://www.nik.gov.pl/kontrole/wyniki-kontroli-nik/pobierz,kfp~p_26_001_202601120841541768203714~id7~01,typ,kj.pdf",3349,Przeciętne zatrudnienie w 2025 r. w części 45 wyniosło 3349 osób (w przeliczeniu na pełne etaty) i było wyższe od przeciętnego zatrudnienia w 2024 r. o 65 osób
KFP,"Polska Agencja Nadzoru Audytowego 01-217 Warszawa, ul. Kolejowa 1, woj. Mazowieckie Wystąp","https://www.nik.gov.pl/kontrole/wyniki-kontroli-nik/pobierz,kfp~p_26_001_202601120841541768203714~id19~01,typ,kj.pdf",,NOT_FOUND
KFP,"Rządowe Centrum Legislacji 00-522 Warszawa, ul. Krucza 36/Wspólna 6, woj. Mazowieckie Wyst","https://www.nik.gov.pl/kontrole/wyniki-kontroli-nik/pobierz,kfp~p_26_001_202601120841541768203714~id9~01,typ,kj.pdf",162,Przeciętne zatrudnienie w 2025 r. w części 75 wyniosło 162 osoby i było o 6 osób wyższe niż w 2024 r
KFP,"Urząd Komisji Nadzoru Finansowego w Warszawie 00-549 Warszawa, ul. Piękna 20, woj. Mazowie","https://www.nik.gov.pl/kontrole/wyniki-kontroli-nik/pobierz,kfp~p_26_001_202601120841541768203714~id18~01,typ,kj.pdf",1435,"Przeciętne miesięczne zatrudnienie w Urzędzie w 2025 r. wynosiło 1435 osób i w stosunku do planu było mniejsze o 106 osób, ale większe niż w 2024 r. o 36 osób"
KFP,Urząd Państwowej Komisji do spraw przeciwdziałania wykorzystywaniu seksualnemu małoletnich,"https://www.nik.gov.pl/kontrole/wyniki-kontroli-nik/pobierz,kfp~p_26_001_202601120841541768203714~id17~01,typ,kj.pdf","15411,2","Przeciętne miesięczne wynagrodzenie brutto na jednego pełnozatrudnionego w 2025 r. wyniosło 15 411,2 zł12 i było o 50,8 zł (o 0,3%) wyższe niż w 2024 r. (akta kontroli tom I str. 25-27, 335 pliki 45-48) Przeciętne zatrudnienie w c"
KFP,Urząd Państwowej Komisji do spraw przeciwdziałania wykorzystywaniu seksualnemu małoletnich,"https://www.nik.gov.pl/kontrole/wyniki-kontroli-nik/pobierz,kfp~p_26_001_202601120841541768203714~id17~01,typ,kj.pdf",39,"W grupie osób nieobjętych mnożnikowym systemem wynagrodzeń przeciętne zatrudnienie wyniosło 39 (o 6 więcej niż w 2024 r.), a w grupie osób zajmujących kierownicze stanowiska państwowe wyniosło siedem osób"
KFP,Urząd Państwowej Komisji do spraw przeciwdziałania wykorzystywaniu seksualnemu małoletnich,"https://www.nik.gov.pl/kontrole/wyniki-kontroli-nik/pobierz,kfp~p_26_001_202601120841541768203714~id17~01,typ,kj.pdf",,Wzrost przeciętnego zatrudnienia był spowodowany przede wszystkim brakami w stanie zatrudnienia w latach ubiegłych
KRG,"Ministerstwo Aktywów Państwowych 00-522 Warszawa, ul. Krucza 36/Wspólna 6 Wystąpienie Data","https://www.nik.gov.pl/kontrole/wyniki-kontroli-nik/pobierz,krg~p_26_001_202601120841541768203714~id5~01,typ,kj.pdf",,NOT_FOUND
KRG,"Ministerstwo Energii 00-450 Warszawa, ul. Przemysłowa 26 Wystąpienie Data publikacji : 202","https://www.nik.gov.pl/kontrole/wyniki-kontroli-nik/pobierz,krg~p_26_001_202601120841541768203714~id2~01,typ,kj.pdf",159,"W porównaniu do 2024 r. wydatki na wynagrodzenia w 2025 r., w związku ze wzrostem zatrudnienia, były wyższe o 16 747,7 tys. zł, czyli o 221,6%. Przeciętne zatrudnienie w części 48 - Gospodarka surowcami energetycznymi, w przelicze"
KRG,"Ministerstwo Nauki i Szkolnictwa Wyższego 00-529 Warszawa, ul. Wspólna 1/3 Wystąpienie Dat","https://www.nik.gov.pl/kontrole/wyniki-kontroli-nik/pobierz,krg~p_26_001_202601120841541768203714~id1~02,typ,kj.pdf",501,W postępowaniu w oparciu o ustawę Pzp oraz w obu zakupach nie stwierdzono nieprawidłowości w zakresie stosowania odpowiednio zasad i trybu udzielania zamówień publicznych oraz wewnętrznej procedury dotyczącej dokonywania zakupów. 
KRG,"Ministerstwo Rozwoju i Technologii 00-507 Warszawa, Pl. Trzech Krzyży 3/5 Wystąpienie Data","https://www.nik.gov.pl/kontrole/wyniki-kontroli-nik/pobierz,krg~p_26_001_202601120841541768203714~id0~01,typ,kj.pdf",,"W 2025 r. nastąpił wzrost przeciętnego zatrudnienia ogółem o 31 etatów (wzrost o 4%) do poziomu 862 etatów, w porównaniu do 831 etatów w 2024 r"
KRG,"Ministerstwo Rozwoju i Technologii 00-507 Warszawa, Pl. Trzech Krzyży 3/5 Wystąpienie Data","https://www.nik.gov.pl/kontrole/wyniki-kontroli-nik/pobierz,krg~p_26_001_202601120841541768203714~id0~01,typ,kj.pdf",862,"NIK zauważa, że w planie po zmianach na 2025 r. zaplanowano zatrudnienie w wysokości 989 etatów, a przeciętne zatrudnienie wyniosło 862 etaty, tj. było o 127 (o 13%) etatów niższe niż zaplanowane"
KRG,"Państwowa Agencja Atomistyki 00-203 Warszawa, ul. Bonifraterska 17 Wystąpienie Data publik","https://www.nik.gov.pl/kontrole/wyniki-kontroli-nik/pobierz,krg~p_26_001_202601120841541768203714~id8~01,typ,kj.pdf",,W 2025 r. przeciętny stan zatrudnienia w PAA wynosił 167 etatów12 i w porównaniu do 2024 r. był wyższy o 18 etatów
KRG,"Polski Komitet Normalizacyjny 00-050 Warszawa, ul. Świętokrzyska 14 Wystąpienie Data publi","https://www.nik.gov.pl/kontrole/wyniki-kontroli-nik/pobierz,krg~p_26_001_202601120841541768203714~id7~01,typ,kj.pdf",224,"Wydatki te były wyższe od poniesionych w 2024 r. o 2724,7 tys. zł, tj. o 11,2%. Przeciętne zatrudnienie, w przeliczeniu na pełne etaty, wyniosło 224 etaty i było niższe o 0.5 etatu w odniesieniu do roku poprzedniego"
KRG,"Urząd Ochrony Konkurencji i Konsumentów 00-950 Warszawa, Plac Powstańców Warszawy 1 Wystąp","https://www.nik.gov.pl/kontrole/wyniki-kontroli-nik/pobierz,krg~p_26_001_202601120841541768203714~id4~01,typ,kj.pdf",602,Przeciętne zatrudnienie (w przeliczeniu na jednego pełnozatrudnionego) w 2025 r. w UOKiK wyniosło 602 osoby pełnozatrudnione i było niższe o dziewięć osób w przeliczeniu na pełnozatrudnionych w porównaniu z 2024 rokiem (611)
KRG,"Urząd Zamówień Publicznych 02-676 Warszawa, ul. Postępu 17A Wystąpienie Data publikacji : ","https://www.nik.gov.pl/kontrole/wyniki-kontroli-nik/pobierz,krg~p_26_001_202601120841541768203714~id3~01,typ,kj.pdf",,NOT_FOUND
KRG,"Wyższy Urząd Górniczy 40-055 Katowice, ul. Księcia Poniatowskiego 31 Wystąpienie Data publ","https://www.nik.gov.pl/kontrole/wyniki-kontroli-nik/pobierz,krg~p_26_001_202601120841541768203714~id6~01,typ,kj.pdf",456,"Wydatki zostały dokonane do wysokości kwot ujętych w planie finansowym jednostki. (akta kontroli str. 17-19. 54, 540-549) Przeciętne zatrudnienie w 2025 r. w części 60-WUG wyniosło 456 osób i było wyższe o 11 osób (2,5%) niż w 202"
KSF,"Centrum Unijnych Projektów Transportowych Warszawa 00-844, pl. Europejski 2 Wystąpienie Da","https://www.nik.gov.pl/kontrole/wyniki-kontroli-nik/pobierz,ksf~p_26_001_202601120841541768203714~id4~01,typ,kj.pdf",357,"Plan w dziale 750 nie został w 2025 r. zwiększony środkami z rezerw celowych. (akta kontroli str. 628-630) Wydatki według grup ekonomicznych poniesiono na: - świadczenia na rzecz osób fizycznych – 375,4 tys. zł; - wydatki bieżące "
KSF,"Ministerstwo Cyfryzacji Warszawa 00-060, ul. Królewska 27 Wystąpienie Data publikacji : 20","https://www.nik.gov.pl/kontrole/wyniki-kontroli-nik/pobierz,ksf~p_26_001_202601120841541768203714~id1~01,typ,kj.pdf",734,"Przeciętne zatrudnienie w 2025 r. w części 27 wyniosło 734 osoby i było o 70 osób wyższe niż w 2024 r., a w Ministerstwie wyniosło 506 osób i było wyższe o 52 osoby w porównaniu do 2024 r"
KSF,"Ministerstwo Funduszy i Polityki Regionalnej Warszawa 00-926, ul. Wspólna 2/4 Wystąpienie ","https://www.nik.gov.pl/kontrole/wyniki-kontroli-nik/pobierz,ksf~p_26_001_202601120841541768203714~id2~01,typ,kj.pdf",1364,Przeciętne zatrudnienie w 2025 r. w części 34 wyniosło 1364 osób (w przeliczeniu na pełne etaty) i było wyższe od przeciętego zatrudnienia w 2024 r. o 13 osób
KSF,"Ministerstwo Funduszy i Polityki Regionalnej Warszawa 00-926, ul. Wspólna 2/4 Wystąpienie ","https://www.nik.gov.pl/kontrole/wyniki-kontroli-nik/pobierz,ksf~p_26_001_202601120841541768203714~id2~01,typ,kj.pdf",,"Zwiększenie przeciętnego zatrudnienia wynikało głównie z utrzymania w 2025 r. dotychczas utworzonych dodatkowych etatów związanych z realizacją inwestycji KPO, pomimo zmniejszenia w 2024 r. liczby etatów w związku z przeniesieniem"
KSF,"Ministerstwo Infrastruktury Warszawa 00-928, ul. Chałbińskiego 4/6 Wystąpienie Data publik","https://www.nik.gov.pl/kontrole/wyniki-kontroli-nik/pobierz,ksf~p_26_001_202601120841541768203714~id3~01,typ,kj.pdf",2003,"Przeciętne zatrudnienie w części 21 w 2025 r. wyniosło 2003 osoby i było wyższe w porównaniu do przeciętnego zatrudnienia w 2024 r. o 44 osoby, a przeciętne miesięczne wynagrodzenie brutto na jednego pełnozatrudnionego w 2025 r. w"
KSF,"Ministerstwo Infrastruktury Warszawa 00-928, ul. Chałbińskiego 4/6 Wystąpienie Data publik","https://www.nik.gov.pl/kontrole/wyniki-kontroli-nik/pobierz,ksf~p_26_001_202601120841541768203714~id3~01,typ,kj.pdf",168,"Nie stwierdzono nieprawidłowości pod względem danych identyfikacyjnych dowodów księgowych dotyczących ww. wydatków, opisu i wartości operacji, daty operacji gospodarczych, akceptacji pod względem merytorycznym i formalno- rachunko"
KSF,"Ministerstwo Infrastruktury Warszawa 00-928, ul. Chałbińskiego 4/6 Wystąpienie Data publik","https://www.nik.gov.pl/kontrole/wyniki-kontroli-nik/pobierz,ksf~p_26_001_202601120841541768203714~id3~01,typ,kj.pdf",6980,"Zatrudnienie i wynagrodzenia Przeciętne zatrudnienie51 w części 39 -Transport wyniosło 6 980 osób i było o 81 osób (1,2%) wyższe niż w 2024 r"
KSF,"Ministerstwo Infrastruktury Warszawa 00-928, ul. Chałbińskiego 4/6 Wystąpienie Data publik","https://www.nik.gov.pl/kontrole/wyniki-kontroli-nik/pobierz,ksf~p_26_001_202601120841541768203714~id3~01,typ,kj.pdf",,"Paragrafu 4580, którego co do zasady nie planuje się w pierwotnym planie wydatków jednostki. (akta kontroli str. 5447-5448, 5445-5461, 6246-6938) Przeciętne zatrudnienie w 2025 r. wyniosło w 511 osób i było o 2,9% wyższe w porówna"
KSF,"Ministerstwo Rozwoju i Technologii Warszawa 00-507, pl. Trzech Krzyży 3/5 Wystąpienie Data","https://www.nik.gov.pl/kontrole/wyniki-kontroli-nik/pobierz,ksf~p_26_001_202601120841541768203714~id0~01,typ,kj.pdf",638,"Minister dokonał blokady środków w kwocie 56,3 tys. zł. (akta kontroli str. 600 – 629, 690 – 706, 987 – 1011, str. 1056 płyta CD pliki 001 – 016, 108 – 139, str. 1370 płyta CD pliki 001 – 103) Zatrudnienie i wynagrodzenia Przecięt"
KSF,"Ministerstwo Rozwoju i Technologii Warszawa 00-507, pl. Trzech Krzyży 3/5 Wystąpienie Data","https://www.nik.gov.pl/kontrole/wyniki-kontroli-nik/pobierz,ksf~p_26_001_202601120841541768203714~id0~01,typ,kj.pdf",,Wzrost przeciętnego zatrudnienia w odniesieniu do poprzedniego roku miał miejsce w GUGiK (wzrost o 17 osób) oraz w GUNB (wzrost o dziewięć osób)
KSF,"Ministerstwo Rozwoju i Technologii Warszawa 00-507, pl. Trzech Krzyży 3/5 Wystąpienie Data","https://www.nik.gov.pl/kontrole/wyniki-kontroli-nik/pobierz,ksf~p_26_001_202601120841541768203714~id0~01,typ,kj.pdf",,Zwiększenie przeciętnego zatrudnienia w GUNB wynikało z uzupełnienia wolnych stanowisk pracy
KSS,Biuro Rzecznika Praw Dziecka ul. Chocimska 6; 00-791 Warszawa Wystąpienie Data publikacji ,"https://www.nik.gov.pl/kontrole/wyniki-kontroli-nik/pobierz,kss_~p_26_001_202601120841541768203714~id2~01,typ,kj.pdf",105,"Przeciętne zatrudnienie w przeliczeniu na pełnozatrudnionych w części 14 w 2025 r. wyniosło 105 i było o 26 etatów wyższe niż w 2024 r. 24 Wydatki na wynagrodzenia osobowe w 2025 r. wyniosły 16 765,8 tys. zł, tj. 93,0% planu po zm"
KSS,Biuro Rzecznika Praw Pacjenta ul. Płocka 11/13; 01-231 Warszawa Wystąpienie Data publikacj,"https://www.nik.gov.pl/kontrole/wyniki-kontroli-nik/pobierz,kss_~p_26_001_202601120841541768203714~id10~01,typ,kj.pdf",147,Przeciętne zatrudnienie18 w BRPP wyniosło 147 etatów (na 173 planowanych) i było o 31 etatów wyższe niż w 2024 r
KSS,Inne Data publikacji : 2026-08-04 11:44,"https://www.nik.gov.pl/kontrole/wyniki-kontroli-nik/pobierz,kss_~p_26_001_202601120841541768203714~id10~02,typ,kj.pdf",,NOT_FOUND
KSS,Główny Inspektorat Farmaceutyczny ul. Senatorska 12; 00-082 Warszawa Wystąpienie Data publ,"https://www.nik.gov.pl/kontrole/wyniki-kontroli-nik/pobierz,kss_~p_26_001_202601120841541768203714~id8~01,typ,kj.pdf","169,2","W 2025 r. planowano zatrudnienie na poziomie 200 etatów, natomiast przeciętne zatrudnienie wynosiło 169,2 etaty i było niższe od planowanego o 30,8 etatu (o 15,4%)"
KSS,Główny Inspektorat Farmaceutyczny ul. Senatorska 12; 00-082 Warszawa Wystąpienie Data publ,"https://www.nik.gov.pl/kontrole/wyniki-kontroli-nik/pobierz,kss_~p_26_001_202601120841541768203714~id8~01,typ,kj.pdf",,"Przeciętne zatrudnienie w 2025 r. było wyższe o 15,5 etatu (tj. o 10,1%) w porównaniu do 2024 r"
KSS,Główny Inspektorat Farmaceutyczny ul. Senatorska 12; 00-082 Warszawa Wystąpienie Data publ,"https://www.nik.gov.pl/kontrole/wyniki-kontroli-nik/pobierz,kss_~p_26_001_202601120841541768203714~id8~01,typ,kj.pdf",,"Zmiana przeciętnego zatrudnienia wynikała m.in. z występujących ruchów kadrowych w trakcie trwania roku, jak również czasochłonnego procesu rekrutacyjnego"
KSS,Krajowa Rada Radiofonii i Telewizji w Warszawie Skwer Kard. S. Wyszyńskiego 9; 00-763 Wars,"https://www.nik.gov.pl/kontrole/wyniki-kontroli-nik/pobierz,kss_~p_26_001_202601120841541768203714~id0~01,typ,kj.pdf",,"Przeciętne zatrudnienie, w przeliczeniu na pełnozatrudnionych, było wyższe o trzy osoby od przeciętnego zatrudnienia w 2024 r. (146)"
KSS,Krajowa Rada Radiofonii i Telewizji w Warszawie Skwer Kard. S. Wyszyńskiego 9; 00-763 Wars,"https://www.nik.gov.pl/kontrole/wyniki-kontroli-nik/pobierz,kss_~p_26_001_202601120841541768203714~id0~01,typ,kj.pdf",,"Przeciętne zatrudnienie w 2025 r. na kierowniczym stanowisku wynosiło pięć osób podobnie jak w 2024 r. (akta kontroli str. 1682-1688) Zobowiązania w części 09 na koniec 2025 r. wyniosły 1879,7 tys. zł i były niższe o 138,3 tys. zł"
KSS,Ministerstwo Edukacji Narodowej Al. Szucha 25; 00-918 Warszawa Wystąpienie Data publikacji,"https://www.nik.gov.pl/kontrole/wyniki-kontroli-nik/pobierz,kss_~p_26_001_202601120841541768203714~id5~01,typ,kj.pdf",1565,"Przeciętne zatrudnienie w części 30, w przeliczeniu na pełnozatrudnionych wynosiło 1565 etatów i było wyższe niż w 2024 r. o 81 etatów"
KSS,Ministerstwo Edukacji Narodowej Al. Szucha 25; 00-918 Warszawa Wystąpienie Data publikacji,"https://www.nik.gov.pl/kontrole/wyniki-kontroli-nik/pobierz,kss_~p_26_001_202601120841541768203714~id5~01,typ,kj.pdf",354,"Przeciętne zatrudnienie w urzędzie obsługującym Ministra w przeliczeniu na pełnozatrudnionych, wyniosło 354 etaty i było o 23 etaty wyższe niż w 2024 r"
KSS,Ministerstwo Kultury i Dziedzictwa Narodowego ul. Krakowskie Przedmieście 15/17; 00-071 Wa,"https://www.nik.gov.pl/kontrole/wyniki-kontroli-nik/pobierz,kss_~p_26_001_202601120841541768203714~id3~01,typ,kj.pdf",20733,"Przeciętne zatrudnienie w części 24, w przeliczeniu na pełne etaty, w 2025 r. wyniosło 20 733 etatów29 i było wyższe w porównaniu do przeciętnego zatrudnienia w 2024 r. o 329 etatów"
KSS,Ministerstwo Kultury i Dziedzictwa Narodowego ul. Krakowskie Przedmieście 15/17; 00-071 Wa,"https://www.nik.gov.pl/kontrole/wyniki-kontroli-nik/pobierz,kss_~p_26_001_202601120841541768203714~id3~01,typ,kj.pdf","9,7","Przeciętne miesięczne wynagrodzenie brutto31 w 2025 r. wynosiło 9,7 tys. zł i było wyższe o 0,7 tys. zł, tj. 7,4% od przeciętnego wynagrodzenia z 2024 r.32 Przeciętne zatrudnienie u dysponenta III stopnia zostało zrealizowane na p"
KSS,"Ministerstwo Rodziny, Pracy i Polityki Społecznej ul. Nowogrodzka 1/3/5; 00-513 Warszawa W","https://www.nik.gov.pl/kontrole/wyniki-kontroli-nik/pobierz,kss_~p_26_001_202601120841541768203714~id6~01,typ,kj.pdf","6056,3","Przeciętne zatrudnienie, w przeliczeniu na pełnozatrudnionych, wynosiło 6056,3 etatów i było wyższe w porównaniu z 2024 r. o 83,8 etatu"
KSS,"Ministerstwo Rodziny, Pracy i Polityki Społecznej ul. Nowogrodzka 1/3/5; 00-513 Warszawa W","https://www.nik.gov.pl/kontrole/wyniki-kontroli-nik/pobierz,kss_~p_26_001_202601120841541768203714~id6~01,typ,kj.pdf","353,4","Przeciętne zatrudnienie u dysponenta III stopnia wynosiło 353,4 etatu i w porównaniu do 2024 r. było wyższe o 14,8 etatu"
KSS,"Ministerstwo Rodziny, Pracy i Polityki Społecznej ul. Nowogrodzka 1/3/5; 00-513 Warszawa W","https://www.nik.gov.pl/kontrole/wyniki-kontroli-nik/pobierz,kss_~p_26_001_202601120841541768203714~id6~01,typ,kj.pdf","394,7","Przeciętne zatrudnienie81 w części 44 w 2025 r., w przeliczeniu na pełnozatrudnionych, wynosiło 394,7 etatów i w porównaniu z 2024 r. było wyższe o 15,5 etatów"
KSS,"Ministerstwo Rodziny, Pracy i Polityki Społecznej ul. Nowogrodzka 1/3/5; 00-513 Warszawa W","https://www.nik.gov.pl/kontrole/wyniki-kontroli-nik/pobierz,kss_~p_26_001_202601120841541768203714~id6~01,typ,kj.pdf","93,3","Przeciętne zatrudnienie w 2025 r., w przeliczeniu na pełnozatrudnionych, wyniosło 93,3 etatu i było wyższe w porównaniu z 2024 r. o 1,6 etatu"
KSS,Ministerstwo Sportu i Turystyki ul. Senatorska 14; 00-082 Warszawa Wystąpienie Data publik,"https://www.nik.gov.pl/kontrole/wyniki-kontroli-nik/pobierz,kss_~p_26_001_202601120841541768203714~id4~01,typ,kj.pdf","212,6","Stwierdzono, że wydatków dokonywano zgodnie z planem oraz zawartymi umowami. (akta kontroli str. 326-350, 637-642) Przeciętne zatrudnienie u dysponenta III stopnia wyniosło 212,6 etatów i w porównaniu do 2024 r. było wyższe o czte"
KSS,Ministerstwo Zdrowia ul. Miodowa 15; 00-952 Warszawa Wystąpienie Data publikacji : 2026-08,"https://www.nik.gov.pl/kontrole/wyniki-kontroli-nik/pobierz,kss_~p_26_001_202601120841541768203714~id7~01,typ,kj.pdf","14,2","Przeciętne miesięczne wynagrodzenie brutto w 2025 r. kształtowało się na poziomie 14,2 tys. zł i w porównaniu do 2024 r. było wyższe o 1,0 tys. zł, tj. o 7,6%. Przeciętne zatrudnienie w 2025 r. w jednostkach finansowanych z części"
KSS,Ministerstwo Zdrowia ul. Miodowa 15; 00-952 Warszawa Wystąpienie Data publikacji : 2026-08,"https://www.nik.gov.pl/kontrole/wyniki-kontroli-nik/pobierz,kss_~p_26_001_202601120841541768203714~id7~01,typ,kj.pdf",852,"Natomiast w Ministerstwie Zdrowia przeciętne zatrudnienie wyniosło 852 osoby24 i było wyższe o 21 osób, tj. o 2,5%, w porównaniu do przeciętnego zatrudnienia w roku 2024. (akta kontroli str. 642-731, 4800-4865) 8"
KSS,Państwowa Inspekcja Pracy Główny Inspektorat Pracy w Warszawie ul. Bracka 28/30; 02-315 Wa,"https://www.nik.gov.pl/kontrole/wyniki-kontroli-nik/pobierz,kss_~p_26_001_202601120841541768203714~id1~01,typ,kj.pdf",2588,"Przeciętne zatrudnienie, w przeliczeniu na pełnozatrudnionych wyniosło 2588 etatów (92,% planu) i było wyższe o 79 etatów od przeciętnego zatrudnienia w 2024 r"
KSS,Państwowa Inspekcja Pracy Główny Inspektorat Pracy w Warszawie ul. Bracka 28/30; 02-315 Wa,"https://www.nik.gov.pl/kontrole/wyniki-kontroli-nik/pobierz,kss_~p_26_001_202601120841541768203714~id1~01,typ,kj.pdf",224,"Przeciętne zatrudnienie, w przeliczeniu na pełnozatrudnionych wyniosło 224 i było wyższe o siedem etatów od przeciętnego zatrudnienia w 2024 r"
KSS,Państwowa Inspekcja Pracy Główny Inspektorat Pracy w Warszawie ul. Bracka 28/30; 02-315 Wa,"https://www.nik.gov.pl/kontrole/wyniki-kontroli-nik/pobierz,kss_~p_26_001_202601120841541768203714~id1~01,typ,kj.pdf",,"Przeciętne zatrudnienie w 2025 r. na kierowniczym stanowisku wynosiło cztery osoby, podobnie jak w 2024 r"
KSS,Państwowy Fundusz Rehabilitacji Osób Niepełnosprawnych Al. Jana Pawła II 13; 00-828 Warsza,"https://www.nik.gov.pl/kontrole/wyniki-kontroli-nik/pobierz,kss_~p_26_001_202601120841541768203714~id12~01,typ,kj.pdf",,NO_TEXT_LAYER(skan)
KSS,Urząd do Spraw Kombatantów i Osób Represjonowanych ul. Wspólna 2/4; 00-926 Warszawa Wystąp,"https://www.nik.gov.pl/kontrole/wyniki-kontroli-nik/pobierz,kss_~p_26_001_202601120841541768203714~id9~01,typ,kj.pdf",151,"W 2025 r. zatrudnienie w Urzędzie wyniosło 151 etatów, co stanowiło w stosunku do 2024 r. wzrost o 3 (148 etatów)"
KSS,Zakład Ubezpieczeń Społecznych Centrala w Warszawie ul. Szamocka 3/5; 01-748 Warszawa Wyst,"https://www.nik.gov.pl/kontrole/wyniki-kontroli-nik/pobierz,kss_~p_26_001_202601120841541768203714~id11~01,typ,kj.pdf",,NOT_FOUND
KZN,"Agencja Restrukturyzacji i Modernizacji Rolnictwa 02-822 Warszawa, ul. Poleczki 33 Wystąpi","https://www.nik.gov.pl/kontrole/wyniki-kontroli-nik/pobierz,kzn~p_26_001_202601120841541768203714~id6~01,typ,kj.pdf",,NOT_FOUND
KZN,"Kasa Rolniczego Ubezpieczenia Społecznego 00-608 Warszawa, al. Niepodległości 190 Wystąpie","https://www.nik.gov.pl/kontrole/wyniki-kontroli-nik/pobierz,kzn~p_26_001_202601120841541768203714~id5~01,typ,kj.pdf","6117,43","Przeciętne zatrudnienie w KRUS w 2025 r. wyniosło 6117,43 etatów i było wyższe o 3,87 etatu, tj. o 0,06%, niż w 2024 r. (6113,56 etatów)"
KZN,"Krajowy Ośrodek Wsparcia Rolnictwa 01-207 Warszawa, ul. Karolkowa 30 Wystąpienie Data publ","https://www.nik.gov.pl/kontrole/wyniki-kontroli-nik/pobierz,kzn~p_26_001_202601120841541768203714~id7~01,typ,kj.pdf",,NOT_FOUND
KZN,"Ministerstwo Infrastruktury 00-928 Warszawa, ul. Chałubińskiego 4/6 Wystąpienie Data publi","https://www.nik.gov.pl/kontrole/wyniki-kontroli-nik/pobierz,kzn~p_26_001_202601120841541768203714~id0~01,typ,kj.pdf","106,56","W 2025 r. przeciętne zatrudnienie wyniosło 106,56 osób i było wyższe od wykazanego w 2024 r. (96,43 osób), tj. o 10,13 osoby"
KZN,"Ministerstwo Infrastruktury 00-928 Warszawa, ul. Chałubińskiego 4/6 Wystąpienie Data publi","https://www.nik.gov.pl/kontrole/wyniki-kontroli-nik/pobierz,kzn~p_26_001_202601120841541768203714~id0~01,typ,kj.pdf",,"Dodatkowo w 2025 r. nastąpił wzrost przeciętnego zatrudnienia w części 22 o 10,13 etatu w stosunku do 2024 r"
KZN,"Ministerstwo Klimatu i Środowiska 00-922 Warszawa, ul. Wawelska 52/54 Wystąpienie Data pub","https://www.nik.gov.pl/kontrole/wyniki-kontroli-nik/pobierz,kzn~p_26_001_202601120841541768203714~id2~01,typ,kj.pdf",2352,"Decyzja uwzględniała zapotrzebowanie ZSL w Zagnańsku (…), co obniżyło blokadę do 888 596,93 zł.”. Pozostałe trzy decyzje o blokowaniu wydatków zostały podjęte przez dysponenta części ze zwłoką (szczegółowy opis w sekcji „Stwierdzo"
KZN,"Ministerstwo Klimatu i Środowiska 00-922 Warszawa, ul. Wawelska 52/54 Wystąpienie Data pub","https://www.nik.gov.pl/kontrole/wyniki-kontroli-nik/pobierz,kzn~p_26_001_202601120841541768203714~id2~01,typ,kj.pdf","294,07","W jednym przypadku dysponent III stopnia nie podjął działań w celu dokonania korekty decyzji uruchamiającej środki z rezerwy celowej poz. 62, a wniosek o zablokowanie oszczędności przekazał do dysponenta części 41 53 dni po uzyska"
KZN,"Ministerstwo Klimatu i Środowiska 00-922 Warszawa, ul. Wawelska 52/54 Wystąpienie Data pub","https://www.nik.gov.pl/kontrole/wyniki-kontroli-nik/pobierz,kzn~p_26_001_202601120841541768203714~id2~01,typ,kj.pdf",1825,"W ramach przeprowadzonego badania nie stwierdzono nieprawidłowości. (akta kontroli str. 1535-1542, 1597-1604, 1638-1640, 1814-1827) Zatrudnienie i wynagrodzenia Przeciętne zatrudnienie wg Rb-70 w części 51 wyniosło w 2025 r. 1825 "
KZN,"Ministerstwo Klimatu i Środowiska 00-922 Warszawa, ul. Wawelska 52/54 Wystąpienie Data pub","https://www.nik.gov.pl/kontrole/wyniki-kontroli-nik/pobierz,kzn~p_26_001_202601120841541768203714~id2~01,typ,kj.pdf","542,51","Przyczynami niewykorzystania środków były m.in.: − oszczędności wynikające z przedłużających się naborów na stanowiskach korpusu służby cywilnej, które miały być finansowane ze środków pochodzących z projektu pn. ""Pomoc Techniczna"
KZN,"Ministerstwo Rolnictwa i Rozwoju Wsi 00-930 Warszawa, ul. Wspólna 30 Wystąpienie Data publ","https://www.nik.gov.pl/kontrole/wyniki-kontroli-nik/pobierz,kzn~p_26_001_202601120841541768203714~id1~01,typ,kj.pdf",5926,"Przeciętne zatrudnienie w państwowych jednostkach budżetowych wyniosło 5926 etatów i w porównaniu do 2024 r. (5761 etatów) było wyższe o 165 etatów (2,9%)"
KZN,"Ministerstwo Rolnictwa i Rozwoju Wsi 00-930 Warszawa, ul. Wspólna 30 Wystąpienie Data publ","https://www.nik.gov.pl/kontrole/wyniki-kontroli-nik/pobierz,kzn~p_26_001_202601120841541768203714~id1~01,typ,kj.pdf",,Wzrost przeciętnego zatrudnienia nastąpił w szczególności w jednostkach działu oświata i wychowanie – szkołach rolniczych o 91 etatów oraz w dziale edukacyjna opieka wychowawcza o 70 etatów
KZN,"Ministerstwo Rolnictwa i Rozwoju Wsi 00-930 Warszawa, ul. Wspólna 30 Wystąpienie Data publ","https://www.nik.gov.pl/kontrole/wyniki-kontroli-nik/pobierz,kzn~p_26_001_202601120841541768203714~id1~01,typ,kj.pdf","640,13","Przeciętne zatrudnienie wyniosło 640,13 etatów i w porównaniu do 2024 r. (635,65 etatów) było wyższe o 4,48 etatów, tj. o 0,7%. Wzrost wydatków z tytułu wynagrodzeń wynikał m.in. z wyższych niż w 2024 r. odpraw emerytalnych, wynag"
KZN,"Ministerstwo Rolnictwa i Rozwoju Wsi 00-930 Warszawa, ul. Wspólna 30 Wystąpienie Data publ","https://www.nik.gov.pl/kontrole/wyniki-kontroli-nik/pobierz,kzn~p_26_001_202601120841541768203714~id1~01,typ,kj.pdf",109,"Przeciętne zatrudnienie w państwowych jednostkach budżetowych wyniosło 109 etatów i w porównaniu do 2024 r. (97 etatów) było wyższe o 12 etatów, tj. o 12,4%. Wzrost funduszu wynagrodzeń w 2025 r., w stosunku do 2024 r., był spowod"
KZN,"Ministerstwo Rolnictwa i Rozwoju Wsi 00-930 Warszawa, ul. Wspólna 30 Wystąpienie Data publ","https://www.nik.gov.pl/kontrole/wyniki-kontroli-nik/pobierz,kzn~p_26_001_202601120841541768203714~id1~01,typ,kj.pdf","109,11","Przeciętne zatrudnienie wyniosło 109,11 etatów i w porównaniu do 2024 r. (97,07 etatu) było wyższe o 12,04 etatu, tj. o 12,4%. Nie wystąpiły przypadki wypłat wynagrodzeń ze środków będących w dyspozycji dysponenta III stopnia MRiR"
KZN,"Narodowy Fundusz Ochrony Środowiska i Gospodarki Wodnej 00-834 Warszawa, ul. Pańska 97 Wys","https://www.nik.gov.pl/kontrole/wyniki-kontroli-nik/pobierz,kzn~p_26_001_202601120841541768203714~id3~01,typ,kj.pdf",,NOT_FOUND
KZN,"Państwowe Gospodarstwo Wodne Wody Polskie 00-613 Warszawa, ul. Tytusa Chałubińskiego 8 Wys","https://www.nik.gov.pl/kontrole/wyniki-kontroli-nik/pobierz,kzn~p_26_001_202601120841541768203714~id4~01,typ,kj.pdf","6705,86","W 2025 r. przeciętne zatrudnienie wyniosło 6 705,86 osób, co stanowiło 99,34% planowanej liczby etatów"
KZN,"Państwowe Gospodarstwo Wodne Wody Polskie 00-613 Warszawa, ul. Tytusa Chałubińskiego 8 Wys","https://www.nik.gov.pl/kontrole/wyniki-kontroli-nik/pobierz,kzn~p_26_001_202601120841541768203714~id4~01,typ,kj.pdf",,"W porównaniu do 2024 r. przeciętne zatrudnienie wzrosło o 160 osób (wzrost o 2,4%) oraz 158 etatów (wzrost o 2,4%)"
