typ,arkusz,naglowek,plan_ustawa_2025,plan_po_zmianach_2025,wykonanie_2025_FTE
agencja wykonawcza,1 PAK,1.0 / 173.0 / VERSION_ID / 68239019.0 / POLSKA AGENCJA KOSMICZNA / Formatted: / Y / DOC_ATT_TYPE / 11.0 / TABELA 1 / XX_RAP_SPRAW_Z37 / YEAR / 2025.0 / Część A ,101.0,101.0,95.33
agencja wykonawcza,2 NIW,2.0 / 243.0 / VERSION_ID / 68451783.0 / NARODOWY INSTYTUT WOLNOŚCI-CENTRUM ROZWOJU SPOŁECZEŃSTWA OBYWATELSKIEGO / Formatted: / N / DOC_ATT_TYPE / 11.0 / TABELA ,69.0,69.0,67.0
agencja wykonawcza,3 PARP,3.0 / 194.0 / VERSION_ID / 68479536.0 / POLSKA AGENCJA ROZWOJU PRZEDSIĘBIORCZOŚCI / Formatted: / N / DOC_ATT_TYPE / 11.0 / TABELA 3 / XX_RAP_SPRAW_Z37 / YEAR / ,711.0,750.0,713.0
agencja wykonawcza,4 NCBIR,4.0 / 159.0 / VERSION_ID / 68019364.0 / NARODOWE CENTRUM BADAŃ I ROZWOJU / Formatted: / N / DOC_ATT_TYPE / 11.0 / TABELA 4 / XX_RAP_SPRAW_Z37 / YEAR / 2025.0 / ,450.0,455.0,490.88
agencja wykonawcza,5 NCN,5.0 / 173.0 / VERSION_ID / 68804120.0 / NARODOWE CENTRUM NAUKI / Formatted: / N / DOC_ATT_TYPE / 11.0 / TABELA 5 / XX_RAP_SPRAW_Z37 / YEAR / 2025.0 / Część A / ,185.0,188.0,170.36
agencja wykonawcza,6 AMW,6.0 / 187.0 / VERSION_ID / 68807131.0 / AGENCJA MIENIA WOJSKOWEGO / Formatted: / N / DOC_ATT_TYPE / 11.0 / TABELA 6 / XX_RAP_SPRAW_Z37 / YEAR / 2025.0 / Część A,1344.0,1344.0,1258.0
agencja wykonawcza,7 ARIMR,7.0 / 247.0 / VERSION_ID / 68029415.0 / AGENCJA RESTRUKTURYZACJI I MODERNIZACJI ROLNICTWA / Formatted: / N / DOC_ATT_TYPE / 11.0 / TABELA 7 / XX_RAP_SPRAW_Z37 /,11329.0,11329.0,11171.0
agencja wykonawcza,8 KOWR,8.0 / 191.0 / VERSION_ID / 68097552.0 / KRAJOWY OŚRODEK WSPARCIA ROLNICTWA / Formatted: / N / DOC_ATT_TYPE / 11.0 / TABELA 8 / XX_RAP_SPRAW_Z37 / YEAR / 2025.0 ,2150.0,2210.0,2110.0
agencja wykonawcza,9 COBOR,9.0 / 278.0 / VERSION_ID / 68031463.0 / CENTRALNY OŚRODEK BADANIA ODMIAN ROŚLIN UPRAWNYCH / Formatted: / N / DOC_ATT_TYPE / 11.0 / TABELA 9 / XX_RAP_SPRAW_Z37 /,640.0,640.0,546.0
agencja wykonawcza,10 RARS,10.0 / 243.0 / VERSION_ID / 68378554.0 / RZĄDOWA AGENCJA REZERW STRATEGICZNYCH / Formatted: / N / DOC_ATT_TYPE / 11.0 / TABELA 10 / XX_RAP_SPRAW_Z37 / YEAR / 20,715.0,715.0,686.0
państwowa osoba prawna,1 OSW,1.0 / 172.0 / VERSION_ID / 68298251.0 / OŚRODEK STUDIÓW WSCHODNICH IM. MARKA KARPIA / Formatted: / Y / DOC_ATT_TYPE / 14.0 / TABELA 1 / XX_RAP_SPRAW_Z37 / YEAR ,84.0,84.0,82.55
państwowa osoba prawna,2 IZ,2.0 / 262.0 / VERSION_ID / 68097873.0 / INSTYTUT ZACHODNI  IM. ZYGMUNTA WOJCIECHOWSKIEGO / Formatted: / N / DOC_ATT_TYPE / 14.0 / TABELA 2 / XX_RAP_SPRAW_Z37 / ,40.0,40.0,39.0
państwowa osoba prawna,3 IWPW,3.0 / 243.0 / VERSION_ID / 68559706.0 / INSTYTUT WSPÓŁPRACY POLSKO-WĘGIERSKIEJ IM. WACŁAWA FELCZAKA / Formatted: / N / DOC_ATT_TYPE / 14.0 / TABELA 3 / XX_RAP_S,10.0,10.0,8.25
państwowa osoba prawna,4 IEŚ,4.0 / 209.0 / VERSION_ID / 68099055.0 / INSTYTUT EUROPY ŚRODKOWEJ / Formatted: / N / DOC_ATT_TYPE / 14.0 / TABELA 4 / XX_RAP_SPRAW_Z37 / YEAR / 2025.0 / Część A,35.0,35.0,42.0
państwowa osoba prawna,5 UKNF,5.0 / 179.0 / VERSION_ID / 68474931.0 / URZĄD KOMISJI NADZORU FINANSOWEGO / Formatted: / N / DOC_ATT_TYPE / 14.0 / TABELA 5 / XX_RAP_SPRAW_Z37 / YEAR / 2025.0 /,1541.0,1541.0,1435.0
państwowa osoba prawna,6 PIE,6.0 / 170.0 / VERSION_ID / 68403416.0 / POLSKI INSTYTUT EKONOMICZNY / Formatted: / N / DOC_ATT_TYPE / 14.0 / TABELA 6 / XX_RAP_SPRAW_Z37 / YEAR / 2025.0 / Część,56.0,56.0,46.55
państwowa osoba prawna,7 KZN,7.0 / 173.0 / VERSION_ID / 67833978.0 / KRAJOWY ZASÓB NIERUCHOMOŚCI / Formatted: / N / DOC_ATT_TYPE / 14.0 / TABELA 7 / XX_RAP_SPRAW_Z37 / YEAR / 2025.0 / Część,85.0,85.0,61.89
państwowa osoba prawna,8 UDT,8.0 / 227.0 / VERSION_ID / 68800743.0 / URZĄD DOZORU TECHNICZNEGO / Formatted: / N / DOC_ATT_TYPE / 14.0 / TABELA 8 / XX_RAP_SPRAW_Z37 / YEAR / 2025.0 / Część A,1885.0,1885.0,1843.87
państwowa osoba prawna,9 PCA,9.0 / 229.0 / VERSION_ID / 68032916.0 / POLSKIE CENTRUM AKREDYTACJI / Formatted: / N / DOC_ATT_TYPE / 14.0 / TABELA 9 / XX_RAP_SPRAW_Z37 / YEAR / 2025.0 / Część,87.0,87.0,78.0
państwowa osoba prawna,10 PGWWP,10.0 / 221.0 / VERSION_ID / 68816793.0 / PAŃSTWOWE GOSPODARSTWO WODNE WODY POLSKIE / Formatted: / N / DOC_ATT_TYPE / 14.0 / TABELA 10 / XX_RAP_SPRAW_Z37 / YEAR ,6750.0,6750.0,6844.0
państwowa osoba prawna,11 PISF,11.0 / 187.0 / VERSION_ID / 68882459.0 / POLSKI INSTYTUT SZTUKI FILMOWEJ / Formatted: / N / DOC_ATT_TYPE / 14.0 / TABELA 11 / XX_RAP_SPRAW_Z37 / YEAR / 2025.0 /,125.0,130.0,122.0
państwowa osoba prawna,12 CD,12.0 / 161.0 / VERSION_ID / 67914311.0 / CENTRUM DIALOGU IM. JULIUSZA MIEROSZEWSKIEGO / Formatted: / N / DOC_ATT_TYPE / 14.0 / TABELA 12 / XX_RAP_SPRAW_Z37 / YE,24.0,24.0,24.0
państwowa osoba prawna,13 POLADA,13.0 / 159.0 / VERSION_ID / 68713304.0 / POLSKA AGENCJA ANTYDOPINGOWA / Formatted: / N / DOC_ATT_TYPE / 14.0 / TABELA 13 / XX_RAP_SPRAW_Z37 / YEAR / 2025.0 / Cz,14.0,14.0,13.47
państwowa osoba prawna,14 POT,14.0 / 153.0 / VERSION_ID / 68451416.0 / POLSKA ORGANIZACJA TURYSTYCZNA / Formatted: / N / DOC_ATT_TYPE / TABELA 14 / XX_RAP_SPRAW_Z37 / YEAR / 2025.0 / Część A,122.0,122.0,119.03
państwowa osoba prawna,15 PLAD,15.0 / 162.0 / VERSION_ID / 68096938.0 / POLSKIE LABORATORIUM ANTYDOPINGOWE / Formatted: / N / DOC_ATT_TYPE / 14.0 / TABELA 15 / XX_RAP_SPRAW_Z37 / YEAR / 2025.,30.0,30.0,30.0
państwowa osoba prawna,16 PKWK,16.0 / 158.0 / VERSION_ID / 68563633.0 / POLSKI KLUB WYŚCIGÓW KONNYCH / Formatted: / N / DOC_ATT_TYPE / 14.0 / TABELA 16 / XX_RAP_SPRAW_Z37 / YEAR / 2025.0 / Cz,12.0,12.0,9.75
państwowa osoba prawna,17 CDR,17.0 / 181.0 / VERSION_ID / 68091051.0 / CENTRUM DORADZTWA ROLNICZEGO W BRWINOWIE / Formatted: / N / DOC_ATT_TYPE / 14.0 / TABELA 17 / XX_RAP_SPRAW_Z37 / YEAR /,220.0,220.0,191.0
państwowa osoba prawna,18 DODR,18.0 / 177.0 / VERSION_ID / 68284584.0 / DOLNOŚLĄSKI OŚRODEK DORADZTWA ROLNICZEGO / Formatted: / N / DOC_ATT_TYPE / 14.0 / TABELA 18 / XX_RAP_SPRAW_Z37 / YEAR /,250.0,250.0,213.0
państwowa osoba prawna,19 KPODR,19.0 / 200.0 / VERSION_ID / 67921162.0 / KUJAWSKO – POMORSKI OŚRODEK DORADZTWA ROLNICZEGO / Formatted: / N / DOC_ATT_TYPE / 14.0 / TABELA 19 / XX_RAP_SPRAW_Z37 ,230.0,230.0,221.56
państwowa osoba prawna,20 LODR,20.0 / 182.0 / VERSION_ID / 68562864.0 / LUBELSKI OŚRODEK DORADZTWA ROLNICZEGO / Formatted: / N / DOC_ATT_TYPE / 14.0 / TABELA 20 / XX_RAP_SPRAW_Z37 / YEAR / 20,360.0,360.0,315.88
państwowa osoba prawna,21 LUBODR,21.0 / 194.0 / VERSION_ID / 68375170.0 / LUBUSKI OŚRODEK DORADZTWA ROLNICZEGO / Formatted: / N / DOC_ATT_TYPE / 14.0 / TABELA 21 / XX_RAP_SPRAW_Z37 / YEAR / 202,135.0,135.0,106.0
państwowa osoba prawna,22 ŁODR,22.0 / 246.0 / VERSION_ID / 68372799.0 / ŁÓDZKI OŚRODEK DORADZTWA ROLNICZEGO / Formatted: / N / DOC_ATT_TYPE / 14.0 / TABELA 22 / XX_RAP_SPRAW_Z37 / YEAR / 2025,247.0,247.0,237.0
państwowa osoba prawna,23 MODR,23.0 / 177.0 / VERSION_ID / 68377335.0 / MAŁOPOLSKI OŚRODEK DORADZTWA ROLNICZEGO / Formatted: / N / DOC_ATT_TYPE / 14.0 / TABELA 23 / XX_RAP_SPRAW_Z37 / YEAR / ,240.0,240.0,228.0
państwowa osoba prawna,24 MAZODR,24.0 / 176.0 / VERSION_ID / 68093084.0 / MAZOWIECKI OŚRODEK DORADZTWA ROLNICZEGO / Formatted: / N / DOC_ATT_TYPE / 14.0 / TABELA 24 / XX_RAP_SPRAW_Z37 / YEAR / ,502.0,502.0,478.0
państwowa osoba prawna,25 OODR,25.0 / 222.0 / VERSION_ID / 68488090.0 / OPOLSKI OŚRODEK DORADZTWA ROLNICZEGO / Formatted: / N / DOC_ATT_TYPE / 14.0 / TABELA 25 / XX_RAP_SPRAW_Z37 / YEAR / 202,113.0,113.0,113.0
państwowa osoba prawna,26 PODKODR,26.0 / 176.0 / VERSION_ID / 68292036.0 / PODKARPACKI OŚRODEK DORADZTWA ROLNICZEGO / Formatted: / N / DOC_ATT_TYPE / 14.0 / TABELA 26 / XX_RAP_SPRAW_Z37 / YEAR /,365.0,365.0,354.0
państwowa osoba prawna,27 PODLODR,27.0 / 181.0 / VERSION_ID / 67921156.0 / PODLASKI OŚRODEK DORADZTWA ROLNICZEGO / Formatted: / N / DOC_ATT_TYPE / 14.0 / TABELA 27 / XX_RAP_SPRAW_Z37 / YEAR / 20,203.0,203.0,192.0
państwowa osoba prawna,28 POMODR,28.0 / 204.0 / VERSION_ID / 68090920.0 / POMORSKI OŚRODEK DORADZTWA ROLNICZEGO / Formatted: / N / DOC_ATT_TYPE / 14.0 / TABELA 28 / XX_RAP_SPRAW_Z37 / YEAR / 20,228.0,228.0,208.9
państwowa osoba prawna,29 ŚLODR,29.0 / 188.0 / VERSION_ID / 68094838.0 / ŚLĄSKI OŚRODEK DORADZTWA ROLNICZEGO / Formatted: / N / DOC_ATT_TYPE / 14.0 / TABELA 29 / XX_RAP_SPRAW_Z37 / YEAR / 2025,190.0,190.0,172.0
państwowa osoba prawna,30 ŚWODR,30.0 / 176.0 / VERSION_ID / 68284670.0 / ŚWIĘTOKRZYSKI OŚRODEK DORADZTWA ROLNICZEGO / Formatted: / N / DOC_ATT_TYPE / 14.0 / TABELA 30 / XX_RAP_SPRAW_Z37 / YEAR,208.0,208.0,172.0
państwowa osoba prawna,31 WMODR,31.0 / 180.0 / VERSION_ID / 67921159.0 / WARMIŃSKO-MAZURSKI OŚRODEK DORADZTWA ROLNICZEGO / Formatted: / N / DOC_ATT_TYPE / 14.0 / TABELA 31 / XX_RAP_SPRAW_Z37 /,182.0,182.0,181.0
państwowa osoba prawna,32 WODR,32.0 / 181.0 / VERSION_ID / 68374017.0 / WIELKOPOLSKI OŚRODEK DORADZTWA ROLNICZEGO / Formatted: / N / DOC_ATT_TYPE / 14.0 / TABELA 32 / XX_RAP_SPRAW_Z37 / YEAR ,335.0,335.0,333.0
państwowa osoba prawna,33 ZODR,33.0 / 182.0 / VERSION_ID / 68294011.0 / ZACHODNIOPOMORSKI OŚRODEK DORADZTWA ROLNICZEGO / Formatted: / N / DOC_ATT_TYPE / 14.0 / TABELA 33 / XX_RAP_SPRAW_Z37 / ,190.0,190.0,177.0
państwowa osoba prawna,34 NAWA,34.0 / 170.0 / VERSION_ID / 68805189.0 / NARODOWA AGENCJA WYMIANY AKADEMICKIEJ / Formatted: / N / DOC_ATT_TYPE / 14.0 / TABELA 34 / XX_RAP_SPRAW_Z37 / YEAR / 20,122.0,153.0,127.0
państwowa osoba prawna,35 CŁ,35.0 / 168.0 / VERSION_ID / 68806473.0 / CENTRUM ŁUKASIEWICZ / Formatted: / N / DOC_ATT_TYPE / 14.0 / TABELA 35 / XX_RAP_SPRAW_Z37 / YEAR / 2025.0 / Część A / P,97.0,97.0,82.74
państwowa osoba prawna,36 PAŻP,36.0 / 259.0 / VERSION_ID / 68804581.0 / POLSKA AGENCJA ŻEGLUGI POWIETRZNEJ / Formatted: / N / DOC_ATT_TYPE / 14.0 / TABELA 36 / XX_RAP_SPRAW_Z37 / YEAR / 2025.,2235.0,2254.0,2183.0
państwowa osoba prawna,37 TDT,37.0 / 176.0 / VERSION_ID / 68484751.0 / TRANSPORTOWY DOZÓR TECHNICZNY / Formatted: / N / DOC_ATT_TYPE / 14.0 / TABELA 37 / XX_RAP_SPRAW_Z37 / YEAR / 2025.0 / C,414.0,414.0,378.0
państwowa osoba prawna,38 NFOŚIGW,38.0 / 264.0 / VERSION_ID / 68805392.0 / NARODOWY FUNDUSZ OCHRONY ŚRODOWISKA I GOSPODARKI WODNEJ / Formatted: / Y / DOC_ATT_TYPE / 14.0 / TABELA 38 / XX_RAP_SPR,842.0,842.0,763.0
państwowa osoba prawna,39 BPN,39.0 / 253.0 / VERSION_ID / 68794324.0 / BABIOGÓRSKI PARK NARODOWY / Formatted: / Y / DOC_ATT_TYPE / 14.0 / TABELA 39 / XX_RAP_SPRAW_Z37 / YEAR / 2025.0 / Część,44.0,44.0,42.0
państwowa osoba prawna,40 BIAŁPN,40.0 / 250.0 / VERSION_ID / 68095410.0 / BIAŁOWIESKI PARK NARODOWY / Formatted: / N / DOC_ATT_TYPE / 14.0 / TABELA 40 / XX_RAP_SPRAW_Z37 / YEAR / 2025.0 / Część,110.0,110.0,100.0
państwowa osoba prawna,41 BIEBPN,41.0 / 250.0 / VERSION_ID / 68379853.0 / BIEBRZAŃSKI PARK NARODOWY / Formatted: / N / DOC_ATT_TYPE / 14.0 / TABELA 41 / XX_RAP_SPRAW_Z37 / YEAR / 2025.0 / Część,102.0,102.0,98.28
państwowa osoba prawna,42 BIESPN,42.0 / 250.0 / VERSION_ID / 68100106.0 / BIESZCZADZKI PARK NARODOWY / Formatted: / N / DOC_ATT_TYPE / 14.0 / TABELA 42 / XX_RAP_SPRAW_Z37 / YEAR / 2025.0 / Częś,93.0,93.0,93.0
państwowa osoba prawna,43 PNBT,"43.0 / 250.0 / VERSION_ID / 68554921.0 / PARK NARODOWY ""BORY TUCHOLSKIE"" / Formatted: / N / DOC_ATT_TYPE / 14.0 / TABELA 43 / XX_RAP_SPRAW_Z37 / YEAR / 2025.0 /",38.0,38.0,37.0
państwowa osoba prawna,44 DPN,44.0 / 250.0 / VERSION_ID / 68097822.0 / DRAWIEŃSKI PARK NARODOWY / Formatted: / N / DOC_ATT_TYPE / 14.0 / TABELA 44 / XX_RAP_SPRAW_Z37 / YEAR / 2025.0 / Część ,48.0,48.0,43.0
państwowa osoba prawna,45 GPN,45.0 / 251.0 / VERSION_ID / 68033199.0 / GORCZAŃSKI PARK NARODOWY / Formatted: / N / DOC_ATT_TYPE / 14.0 / TABELA 45 / XX_RAP_SPRAW_Z37 / YEAR / 2025.0 / Część ,46.0,46.0,43.0
państwowa osoba prawna,46 PNGS,46.0 / 253.0 / VERSION_ID / 68806585.0 / PARK NARODOWY GÓR STOŁOWYCH / Formatted: / Y / DOC_ATT_TYPE / 14.0 / TABELA 46 / XX_RAP_SPRAW_Z37 / YEAR / 2025.0 / Czę,46.0,46.0,45.0
państwowa osoba prawna,47 KPN,47.0 / 251.0 / VERSION_ID / 68559076.0 / KAMPINOSKI PARK NARODOWY / Formatted: / N / DOC_ATT_TYPE / 14.0 / TABELA 47 / XX_RAP_SPRAW_Z37 / YEAR / 2025.0 / Część ,144.0,144.0,137.0
państwowa osoba prawna,48 KARKPN,48.0 / 251.0 / VERSION_ID / 68561941.0 / KARKONOSKI PARK NARODOWY / Formatted: / N / DOC_ATT_TYPE / 14.0 / TABELA 48 / XX_RAP_SPRAW_Z37 / YEAR / 2025.0 / Część ,84.0,84.0,84.0
państwowa osoba prawna,49 MPN,49.0 / 250.0 / VERSION_ID / 68382414.0 / MAGURSKI PARK NARODOWY / Formatted: / N / DOC_ATT_TYPE / 14.0 / TABELA 49 / XX_RAP_SPRAW_Z37 / YEAR / 2025.0 / Część A ,84.0,84.0,73.8
państwowa osoba prawna,50 NPN,50.0 / 251.0 / VERSION_ID / 68095576.0 / NARWIAŃSKI PARK NARODOWY / Formatted: / N / DOC_ATT_TYPE / 14.0 / TABELA 50 / XX_RAP_SPRAW_Z37 / YEAR / 2025.0 / Część ,23.0,23.0,23.0
państwowa osoba prawna,51 OPN,51.0 / 251.0 / VERSION_ID / 68475632.0 / OJCOWSKI PARK NARODOWY / Formatted: / N / DOC_ATT_TYPE / 14.0 / TABELA 51 / XX_RAP_SPRAW_Z37 / YEAR / 2025.0 / Część A ,40.0,40.0,40.0
państwowa osoba prawna,52 PPN,52.0 / 250.0 / VERSION_ID / 68382318.0 / PIENIŃSKI PARK NARODOWY / Formatted: / N / DOC_ATT_TYPE / 14.0 / TABELA 52 / XX_RAP_SPRAW_Z37 / YEAR / 2025.0 / Część A,46.0,46.0,44.0
państwowa osoba prawna,53 POLPN,53.0 / 250.0 / VERSION_ID / 68021601.0 / POLESKI PARK NARODOWY / Formatted: / N / DOC_ATT_TYPE / 14.0 / TABELA 53 / XX_RAP_SPRAW_Z37 / YEAR / 2025.0 / Część A /,42.0,42.0,41.0
państwowa osoba prawna,54 RPN,54.0 / 250.0 / VERSION_ID / 68484967.0 / ROZTOCZAŃSKI PARK NARODOWY / Formatted: / N / DOC_ATT_TYPE / 14.0 / TABELA 54 / XX_RAP_SPRAW_Z37 / YEAR / 2025.0 / Częś,81.0,81.0,76.8
państwowa osoba prawna,55 SPN,55.0 / 250.0 / VERSION_ID / 68477773.0 / SŁOWIŃSKI PARK NARODOWY / Formatted: / N / DOC_ATT_TYPE / 14.0 / TABELA 55 / XX_RAP_SPRAW_Z37 / YEAR / 2025.0 / Część A,83.0,83.0,76.0
państwowa osoba prawna,56 ŚPN,56.0 / 251.0 / VERSION_ID / 68477930.0 / ŚWIĘTOKRZYSKI PARK NARODOWY / Formatted: / N / DOC_ATT_TYPE / 14.0 / TABELA 56 / XX_RAP_SPRAW_Z37 / YEAR / 2025.0 / Czę,54.0,54.0,54.0
państwowa osoba prawna,57 TPN,57.0 / 250.0 / VERSION_ID / 68477810.0 / TATRZAŃSKI PARK NARODOWY / Formatted: / N / DOC_ATT_TYPE / 14.0 / TABELA 57 / XX_RAP_SPRAW_Z37 / YEAR / 2025.0 / Część ,157.0,157.0,147.13
państwowa osoba prawna,58 PNUW,"58.0 / 251.0 / VERSION_ID / 68480302.0 / PARK NARODOWY ""UJŚCIE WARTY"" / Formatted: / N / DOC_ATT_TYPE / 14.0 / TABELA 58 / XX_RAP_SPRAW_Z37 / YEAR / 2025.0 / Cz",30.0,30.0,26.0
państwowa osoba prawna,59 WPN,59.0 / 251.0 / VERSION_ID / 68094732.0 / WIELKOPOLSKI PARK NARODOWY / Formatted: / N / DOC_ATT_TYPE / 14.0 / TABELA 59 / XX_RAP_SPRAW_Z37 / YEAR / 2025.0 / Częś,48.0,48.0,48.0
państwowa osoba prawna,60 WIGPN,60.0 / 251.0 / VERSION_ID / 68483174.0 / WIGIERSKI PARK NARODOWY / Formatted: / N / DOC_ATT_TYPE / 14.0 / TABELA 60 / XX_RAP_SPRAW_Z37 / YEAR / 2025.0 / Część A,80.0,80.0,74.0
państwowa osoba prawna,61 WOLPN,61.0 / 250.0 / VERSION_ID / 68483850.0 / WOLIŃSKI PARK NARODOWY / Formatted: / N / DOC_ATT_TYPE / 14.0 / TABELA 61 / XX_RAP_SPRAW_Z37 / YEAR / 2025.0 / Część A ,60.0,60.0,60.0
państwowa osoba prawna,62 PISM,62.0 / 164.0 / VERSION_ID / 68026486.0 / POLSKI INSTYTUT SPRAW MIĘDZYNARODOWYCH / Formatted: / N / DOC_ATT_TYPE / 14.0 / TABELA 62 / XX_RAP_SPRAW_Z37 / YEAR / 2,81.0,81.0,80.0
państwowa osoba prawna,63 AOTMiT,63.0 / 179.0 / VERSION_ID / 68813884.0 / AGENCJA OCENY TECHNOLOGII MEDYCZNYCH I TARYFIKACJI / Formatted: / N / DOC_ATT_TYPE / 14.0 / TABELA 63 / XX_RAP_SPRAW_Z3,270.0,270.0,265.0
państwowa osoba prawna,64 ABM,64.0 / 181.0 / VERSION_ID / 68371336.0 / AGENCJA BADAŃ MEDYCZNYCH / Formatted: / N / DOC_ATT_TYPE / 14.0 / TABELA 64 / XX_RAP_SPRAW_Z37 / YEAR / 2025.0 / Część ,145.0,145.0,144.0
państwowa osoba prawna,65 ZUS,65.0 / 191.0 / VERSION_ID / 68031912.0 / ZAKŁAD UBEZPIECZEŃ SPOŁECZNYCH / Formatted: / N / DOC_ATT_TYPE / 14.0 / TABELA 65 / XX_RAP_SPRAW_Z37 / YEAR / 2025.0 / ,45000.0,45000.0,43793.0
państwowa osoba prawna,66 PANA,66.0 / 175.0 / VERSION_ID / 68378523.0 / POLSKA AGENCJA NADZORU AUDYTOWEGO / Formatted: / N / DOC_ATT_TYPE / 14.0 / TABELA 66 / XX_RAP_SPRAW_Z37 / YEAR / 2025.0,130.0,130.0,117.84
państwowa osoba prawna,67 RF,67.0 / 153.0 / VERSION_ID / 68800905.0 / RZECZNIK FINANSOWY / Formatted: / N / DOC_ATT_TYPE / 14.0 / TABELA 67 / XX_RAP_SPRAW_Z37 / YEAR / 2025.0 / Część A / Pl,215.0,224.0,205.0
państwowa osoba prawna,68 AK,68.0 / 161.0 / VERSION_ID / 68584192.0 / AKADEMIA KOPERNIKAŃSKA / Formatted: / N / DOC_ATT_TYPE / 14.0 / TABELA 68 / XX_RAP_SPRAW_Z37 / YEAR / 2025.0 / Część A ,20.0,8.0,8.0
państwowa osoba prawna,69 IRJP,69.0 / 141.0 / VERSION_ID / 67908046.0 / INSTYTUT ROZWOJU JĘZYKA POLSKIEGO IM. ŚW. MAKSYMILIANA MARII KOLBEGO / Formatted: / N / DOC_ATT_TYPE / 14.0 / TABELA 69,35.0,35.0,31.1
państwowa osoba prawna,70 FRD,70.0 / 160.0 / VERSION_ID / 68031913.0 / FUNDUSZ REZERWY DEMOGRAFICZNEJ / Formatted: / N / DOC_ATT_TYPE / 14.0 / TABELA 70 / XX_RAP_SPRAW_Z37 / YEAR / 2025.0 / ,0.0,0.0,
państwowa osoba prawna,71 FSUSR,71.0 / 181.0 / VERSION_ID / 68451629.0 / FUNDUSZ SKŁADKOWY UBEZPIECZENIA SPOŁECZNEGO ROLNIKÓW / Formatted: / N / DOC_ATT_TYPE / 14.0 / TABELA 71 / XX_RAP_SPRAW_,41.0,41.0,38.55
państwowa osoba prawna,72 FMKRUS,72.0 / 138.0 / VERSION_ID / 67629189.0 / FUNDUSZ MOTYWACYJNY KASA ROLNICZEGO UBEZPIECZENIA SPOŁECZNEGO / Formatted: / N / DOC_ATT_TYPE / 14.0 / TABELA 72 / XX_R,0.0,0.0,
instytucja gospodarki budżetowej,1 COKRP,1.0 / 245.0 / VERSION_ID / 67710094.0 / CENTRUM OBSŁUGI KANCELARII PREZYDENTA RZECZYPOSPOLITEJ POLSKIEJ / Formatted: / Y / DOC_ATT_TYPE / 12.0 / TABELA 1 / XX_R,300.0,300.0,294.63
instytucja gospodarki budżetowej,2 CZDS,2.0 / 162.0 / VERSION_ID / 68373773.0 / CENTRUM ZAKUPÓW DLA SĄDOWNICTWA INSTYTUCJA GOSPODARKI BUDŻETOWEJ / Formatted: / N / DOC_ATT_TYPE / 12.0 / TABELA 2 / XX_,65.0,73.0,75.75
instytucja gospodarki budżetowej,3 COAR,3.0 / 196.0 / VERSION_ID / 68487199.0 / CENTRUM OBSŁUGI ADMINISTRACJI RZĄDOWEJ / Formatted: / N / DOC_ATT_TYPE / 12.0 / TABELA 3 / XX_RAP_SPRAW_Z37 / YEAR / 202,380.0,410.0,394.0
instytucja gospodarki budżetowej,4 COI,4.0 / 210.0 / VERSION_ID / 68485845.0 / CENTRALNY OŚRODEK INFORMATYKI / Formatted: / N / DOC_ATT_TYPE / 12.0 / TABELA 4 / XX_RAP_SPRAW_Z37 / YEAR / 2025.0 / Czę,1772.0,1745.0,1727.0
instytucja gospodarki budżetowej,5 CUL,5.0 / 200.0 / VERSION_ID / 68294218.0 / CENTRUM USŁUG LOGISTYCZNYCH / Formatted: / N / DOC_ATT_TYPE / 12.0 / TABELA 5 / XX_RAP_SPRAW_Z37 / YEAR / 2025.0 / Część,280.0,280.0,224.0
instytucja gospodarki budżetowej,6 COS,6.0 / 196.0 / VERSION_ID / 68243139.0 / CENTRALNY OŚRODEK SPORTU / Formatted: / N / DOC_ATT_TYPE / 12.0 / TABELA 6 / XX_RAP_SPRAW_Z37 / YEAR / 2025.0 / Część A ,774.0,774.0,683.0
instytucja gospodarki budżetowej,7 ZIOTP,7.0 / 179.0 / VERSION_ID / 68069432.0 / ZAKŁAD INWESTYCJI ORGANIZACJI TRAKTATU PÓŁNOCNOATLANTYCKIEGO / Formatted: / N / DOC_ATT_TYPE / 12.0 / TABELA 7 / XX_RAP_,121.0,121.0,90.0
instytucja gospodarki budżetowej,8 PDZWJ,8.0 / 158.0 / VERSION_ID / 68035920.0 / PROFILAKTYCZNY DOM ZDROWIA W JURACIE / Formatted: / N / DOC_ATT_TYPE / 12.0 / TABELA 8 / XX_RAP_SPRAW_Z37 / YEAR / 2025.,5.0,5.0,5.5
instytucja gospodarki budżetowej,9 KIM_likw,9.0 / 179.0 / VERSION_ID / 67828961.0 / KRAJOWY INSTYTUT MEDIÓW W LIKWIDACJI* / Formatted: / N / DOC_ATT_TYPE / 12.0 / TABELA 9 / XX_RAP_SPRAW_Z37 / YEAR / 2025,42.0,42.0,35.25
