dept,name,url
DDW,"DOLNOŚLĄSKI URZĄD WOJEWÓDZKI WE WROCŁAWIU pl. Powstańców Warszawy 1, 50-153 WROCŁAW Wystąpienie Data publikacji : 2026-08-04 11:44","https://www.nik.gov.pl/kontrole/wyniki-kontroli-nik/pobierz,ddw~p_26_001_202601120841541768203714~id0~01,typ,kj.pdf"
DDW,"KOLEJE DOLNOŚLĄSKIE S.A. W LEGNICY ul. Kolejowa 2, 59-220 LEGNICA Wystąpienie Data publikacji : 2026-08-04 11:44","https://www.nik.gov.pl/kontrole/wyniki-kontroli-nik/pobierz,ddw~p_26_001_202601120841541768203714~id5~01,typ,kj.pdf"
DDW,"KOMENDA WOJEWÓDZKA POLICJI WE WROCŁAWIU Podwale 31-33, 50-040 WROCŁAW Wystąpienie Data publikacji : 2026-08-04 11:44","https://www.nik.gov.pl/kontrole/wyniki-kontroli-nik/pobierz,ddw~p_26_001_202601120841541768203714~id3~01,typ,kj.pdf"
DDW,"MIEJSKIE PRZEDSIĘBIORSTWO KOMUNIKACYJNE SP. Z O.O. WE WROCŁAWIU ul. Bolesława Prusa 75-79, 50-316 WROCŁAW Wystąpienie Data publikacji : 2026","https://www.nik.gov.pl/kontrole/wyniki-kontroli-nik/pobierz,ddw~p_26_001_202601120841541768203714~id6~01,typ,kj.pdf"
DDW,"URZĄD SKARBOWY WROCŁAW-PSIE POLE WE WROCŁAWIU ul. Trzebnicka 33, 50-231 WROCŁAW Wystąpienie Data publikacji : 2026-08-04 11:44","https://www.nik.gov.pl/kontrole/wyniki-kontroli-nik/pobierz,ddw~p_26_001_202601120841541768203714~id4~01,typ,kj.pdf"
DDW,"WOJEWÓDZKI INSPEKTORAT FARMACEUTYCZNY WE WROCŁAWIU ul. Ofiar Oświęcimskich 12, 50-069 WROCŁAW Wystąpienie Data publikacji : 2026-08-04 11:44","https://www.nik.gov.pl/kontrole/wyniki-kontroli-nik/pobierz,ddw~p_26_001_202601120841541768203714~id1~01,typ,kj.pdf"
DDW,"WOJEWÓDZKI URZĄD OCHRONY ZABYTKÓW WE WROCŁAWIU ul. Władysława Łokietka 11, 50-243 WROCŁAW Wystąpienie Data publikacji : 2026-08-04 11:44","https://www.nik.gov.pl/kontrole/wyniki-kontroli-nik/pobierz,ddw~p_26_001_202601120841541768203714~id2~01,typ,kj.pdf"
DKA,"Pierwszy Urząd Skarbowy w Bielsku-Białej ul. Teodora Sixta 17, 43-300 Bielsko-Biała Wystąpienie Data publikacji : 2026-08-04 11:44","https://www.nik.gov.pl/kontrole/wyniki-kontroli-nik/pobierz,dka~p_26_001_202601120841541768203714~id3~01,typ,kj.pdf"
DKA,"Śląski Urząd Wojewódzki w Katowicach ul. Jagiellońska 25, 40-032 Katowice Wystąpienie Data publikacji : 2026-08-04 11:44","https://www.nik.gov.pl/kontrole/wyniki-kontroli-nik/pobierz,dka~p_26_001_202601120841541768203714~id0~01,typ,kj.pdf"
DKA,"Starostwo Powiatowe w Raciborzu Plac Stefana Okrzei 4, 47-400 Racibórz Wystąpienie Data publikacji : 2026-08-04 11:44","https://www.nik.gov.pl/kontrole/wyniki-kontroli-nik/pobierz,dka~p_26_001_202601120841541768203714~id5~01,typ,kj.pdf"
DKA,"Urząd Skarbowy Kraków-Prądnik ul. Krowoderskich Zuchów 2, 31-272 Kraków Wystąpienie Data publikacji : 2026-08-04 11:44","https://www.nik.gov.pl/kontrole/wyniki-kontroli-nik/pobierz,dka~p_26_001_202601120841541768203714~id4~01,typ,kj.pdf"
DKA,"Wojewódzki Inspektorat Farmaceutyczny w Katowicach ul. Raciborska 15, 40-074 Katowice Wystąpienie Data publikacji : 2026-08-04 11:44","https://www.nik.gov.pl/kontrole/wyniki-kontroli-nik/pobierz,dka~p_26_001_202601120841541768203714~id1~01,typ,kj.pdf"
DKA,"Wojewódzki Urząd Ochrony Zabytków w Katowicach ul. Francuska 12, 40-013 Katowice Wystąpienie Data publikacji : 2026-08-04 11:44","https://www.nik.gov.pl/kontrole/wyniki-kontroli-nik/pobierz,dka~p_26_001_202601120841541768203714~id2~01,typ,kj.pdf"
DKA,"Związek Powiatowo-Gminny pod nazwą Jedźmy Razem ul. Pułaskiego 6, 42-300 Myszków Wystąpienie Data publikacji : 2026-08-04 11:44","https://www.nik.gov.pl/kontrole/wyniki-kontroli-nik/pobierz,dka~p_26_001_202601120841541768203714~id6~01,typ,kj.pdf"
DKB,"INSPEKTORAT WSPARCIA SIŁ ZBROJNYCH W BYDGOSZCZY ul. J. Dwernickiego 1, 85-915 BYDGOSZCZ Wystąpienie Data publikacji : 2026-08-04 11:44","https://www.nik.gov.pl/kontrole/wyniki-kontroli-nik/pobierz,dkb~p_26_001_202601120841541768203714~id3~01,typ,kj.pdf"
DKB,"KOMENDA WOJEWÓDZKA POLICJI W BYDGOSZCZY ul. Powstańców Wlkp. 7, 85-090 BYDGOSZCZ Wystąpienie Data publikacji : 2026-08-04 11:44","https://www.nik.gov.pl/kontrole/wyniki-kontroli-nik/pobierz,dkb~p_26_001_202601120841541768203714~id5~01,typ,kj.pdf"
DKB,"KRAJOWE BIURO WYBORCZE DELEGATURA WE WŁOCŁAWKU ul. Brzeska 6, 87-800 WŁOCŁAWEK Wystąpienie Data publikacji : 2026-08-04 11:44","https://www.nik.gov.pl/kontrole/wyniki-kontroli-nik/pobierz,dkb~p_26_001_202601120841541768203714~id2~01,typ,kj.pdf"
DKB,"URZĄD MARSZAŁKOWSKI WOJEWÓDZTWA KUJAWSKO-POMORSKIEGO W TORUNIU Pl. Teatralny 2, 87-100 TORUŃ Wystąpienie Data publikacji : 2026-08-04 11:44","https://www.nik.gov.pl/kontrole/wyniki-kontroli-nik/pobierz,dkb~p_26_001_202601120841541768203714~id1~01,typ,kj.pdf"
DKB,"URZĄD MIASTA BYDGOSZCZY ul. Jezuicka 1, 85-102 BYDGOSZCZ Wystąpienie Data publikacji : 2026-08-04 11:44","https://www.nik.gov.pl/kontrole/wyniki-kontroli-nik/pobierz,dkb~p_26_001_202601120841541768203714~id0~01,typ,kj.pdf"
DKB,"WOJEWÓDZKI SĄD ADMINISTRACYJNY W BYDGOSZCZY ul. Jana Kazimierza 5, 85-035 BYDGOSZCZ Wystąpienie Data publikacji : 2026-08-04 11:44","https://www.nik.gov.pl/kontrole/wyniki-kontroli-nik/pobierz,dkb~p_26_001_202601120841541768203714~id4~01,typ,kj.pdf"
DKB,"ZARZĄD DRÓG MIEJSKICH I KOMUNIKACJI PUBLICZNEJ W BYDGOSZCZY ul. Toruńska 174A, 85-844 BYDGOSZCZ Wystąpienie Data publikacji : 2026-08-04 11:","https://www.nik.gov.pl/kontrole/wyniki-kontroli-nik/pobierz,dkb~p_26_001_202601120841541768203714~id6~01,typ,kj.pdf"
DKI,"Starostwo Powiatowe w Ostrowcu Świętokrzyskim 27-400 Ostrowiec Świętokrzyski, ul. Iłżecka 37 Wystąpienie Data publikacji : 2026-08-04 11:44","https://www.nik.gov.pl/kontrole/wyniki-kontroli-nik/pobierz,dki~p_26_001_202601120841541768203714~id4~01,typ,kj.pdf"
DKI,"Świętokrzyski Urząd Wojewódzki w Kielcach 25-516 Kielce, al. IX Wieków Kielc 3 Wystąpienie Data publikacji : 2026-08-04 11:44","https://www.nik.gov.pl/kontrole/wyniki-kontroli-nik/pobierz,dki~p_26_001_202601120841541768203714~id0~01,typ,kj.pdf"
DKI,"Urząd Miasta i Gminy Łagów 26-025 Łagów, ul. Rynek 62 Wystąpienie Data publikacji : 2026-08-04 11:44","https://www.nik.gov.pl/kontrole/wyniki-kontroli-nik/pobierz,dki~p_26_001_202601120841541768203714~id3~02,typ,kj.pdf"
DKI,"Wojewódzki Inspektorat Farmaceutyczny w Kielcach 25-516 Kielce, al. IX Wieków Kielc 3 Wystąpienie Data publikacji : 2026-08-04 11:44","https://www.nik.gov.pl/kontrole/wyniki-kontroli-nik/pobierz,dki~p_26_001_202601120841541768203714~id1~01,typ,kj.pdf"
DKI,"Wojewódzki Urząd Ochrony Zabytków w Kielcach 25-502 Kielce, ul. Ignacego Paderewskiego 34A Wystąpienie Data publikacji : 2026-08-04 11:44","https://www.nik.gov.pl/kontrole/wyniki-kontroli-nik/pobierz,dki~p_26_001_202601120841541768203714~id2~01,typ,kj.pdf"
DLL,"KOMENDA WOJEWÓDZKA POLICJI W LUBLINIE 20-019 LUBLIN, UL. NARUTOWICZA 73 Wystąpienie Data publikacji : 2026-08-04 11:44","https://www.nik.gov.pl/kontrole/wyniki-kontroli-nik/pobierz,dll~p_26_001_202601120841541768203714~id3~01,typ,kj.pdf"
DLL,"LUBELSKI URZĄD WOJEWÓDZKI W LUBLINIE 20-914 LUBLIN, UL. SPOKOJNA 4 Wystąpienie Data publikacji : 2026-08-04 11:44","https://www.nik.gov.pl/kontrole/wyniki-kontroli-nik/pobierz,dll~p_26_001_202601120841541768203714~id0~01,typ,kj.pdf"
DLL,"PIERWSZY URZĄD SKARBOWY W LUBLINIE 20-027 LUBLIN, UL. SĄDOWA 5 Wystąpienie Data publikacji : 2026-08-04 11:44","https://www.nik.gov.pl/kontrole/wyniki-kontroli-nik/pobierz,dll~p_26_001_202601120841541768203714~id5~01,typ,kj.pdf"
DLL,"URZĄD GMINY GŁUSK UL. RYNEK 1, DOMINÓW 20-388 LUBLIN Wystąpienie Data publikacji : 2026-08-04 11:44","https://www.nik.gov.pl/kontrole/wyniki-kontroli-nik/pobierz,dll~p_26_001_202601120841541768203714~id6~01,typ,kj.pdf"
DLL,"WOJEWÓDZKI INSPEKTORAT FARMACEUTYCZNY W LUBLINIE UL. LUBOMELSKA 1-3, 20-074 LUBLIN Wystąpienie Data publikacji : 2026-08-04 11:44","https://www.nik.gov.pl/kontrole/wyniki-kontroli-nik/pobierz,dll~p_26_001_202601120841541768203714~id1~01,typ,kj.pdf"
DLL,"WOJEWÓDZKI SĄD ADMINISTRACYJNY W LUBLINIE UL. M. SKŁODOWSKIEJ-CURIE 40, 20-029 LUBLIN Wystąpienie Data publikacji : 2026-08-04 11:44","https://www.nik.gov.pl/kontrole/wyniki-kontroli-nik/pobierz,dll~p_26_001_202601120841541768203714~id4~01,typ,kj.pdf"
DLL,"WOJEWÓDZKI URZĄD OCHRONY ZABYTKÓW W LUBLINIE 20-113 LUBLIN, UL. ARCHIDIAKOŃSKA 4 Wystąpienie Data publikacji : 2026-08-04 11:44","https://www.nik.gov.pl/kontrole/wyniki-kontroli-nik/pobierz,dll~p_26_001_202601120841541768203714~id2~01,typ,kj.pdf"
DLO,"ŁÓDZKI URZĄD WOJEWÓDZKI ul. Piotrkowska 104, 90-926 ŁÓDŹ Wystąpienie Data publikacji : 2026-08-04 11:44","https://www.nik.gov.pl/kontrole/wyniki-kontroli-nik/pobierz,dlo~p_26_001_202601120841541768203714~id0~01,typ,kj.pdf"
DLO,"PIERWSZY URZĄD SKARBOWY ŁÓDŹ-BAŁUTY ul. Zachodnia 47, 91-066 ŁÓDŹ Wystąpienie Data publikacji : 2026-08-04 11:44","https://www.nik.gov.pl/kontrole/wyniki-kontroli-nik/pobierz,dlo~p_26_001_202601120841541768203714~id3~01,typ,kj.pdf"
DLO,"URZĄD MARSZAŁKOWSKI WOJEWÓDZTWA ŁÓDZKIEGO al. Piłsudskiego 8, 90-051 ŁÓDŹ Wystąpienie Data publikacji : 2026-08-04 11:44","https://www.nik.gov.pl/kontrole/wyniki-kontroli-nik/pobierz,dlo~p_26_001_202601120841541768203714~id4~01,typ,kj.pdf"
DLO,"WOJEWÓDZKI INSPEKTORAT FARMACEUTYCZNY W ŁODZI ul. Fabryczna 25, 90-341 ŁÓDŹ Wystąpienie Data publikacji : 2026-08-04 11:44","https://www.nik.gov.pl/kontrole/wyniki-kontroli-nik/pobierz,dlo~p_26_001_202601120841541768203714~id2~01,typ,kj.pdf"
DLO,"WOJEWÓDZKI URZĄD OCHRONY ZABYTKÓW W ŁODZI ul. Piotrkowska 99, 90-425 ŁÓDŹ Wystąpienie Data publikacji : 2026-08-04 11:44","https://www.nik.gov.pl/kontrole/wyniki-kontroli-nik/pobierz,dlo~p_26_001_202601120841541768203714~id1~01,typ,kj.pdf"
DLZ,"Komenda Wojewódzka Policji w Gorzowie Wielkopolskim 66-400 Gorzów Wielkopolski, ul. Kwiatowa 10 Wystąpienie Data publikacji : 2026-08-04 11:","https://www.nik.gov.pl/kontrole/wyniki-kontroli-nik/pobierz,dlz~p_26_001_202601120841541768203714~id0~01,typ,kj.pdf"
DLZ,"Miejski Zakład Komunikacyjny sp. z o.o. w Żaganiu 68-100 Żagań, ul. Młynarska 6 Wystąpienie Data publikacji : 2026-08-04 11:44","https://www.nik.gov.pl/kontrole/wyniki-kontroli-nik/pobierz,dlz~p_26_001_202601120841541768203714~id2~01,typ,kj.pdf"
DLZ,"Zielonogórski Związek Powiatowo-Gminny 66-016 Czerwieńsk, ul. Ogrodowa 0 Wystąpienie Data publikacji : 2026-08-04 11:44","https://www.nik.gov.pl/kontrole/wyniki-kontroli-nik/pobierz,dlz~p_26_001_202601120841541768203714~id1~01,typ,kj.pdf"
DMK,"CENTRUM ZAKUPÓW DLA SĄDOWNICTWA - INSTYTUCJA GOSP. BUDŻET. W KRAKOWIE ul. Wadowicka 6, 30-415 KRAKÓW Wystąpienie Data publikacji : 2026-08-0","https://www.nik.gov.pl/kontrole/wyniki-kontroli-nik/pobierz,dmk~p_26_001_202601120841541768203714~id3~01,typ,kj.pdf"
DMK,"KOLEJE MAŁOPOLSKIE SP. Z O.O. ul. Wodna 2, 30-556 KRAKÓW Wystąpienie Data publikacji : 2026-08-04 11:44","https://www.nik.gov.pl/kontrole/wyniki-kontroli-nik/pobierz,dmk~p_26_001_202601120841541768203714~id4~01,typ,kj.pdf"
DMK,"MAŁOPOLSKI URZĄD WOJEWÓDZKI W KRAKOWIE ul. Basztowa 22, 31-156 KRAKÓW Wystąpienie Data publikacji : 2026-08-04 11:44","https://www.nik.gov.pl/kontrole/wyniki-kontroli-nik/pobierz,dmk~p_26_001_202601120841541768203714~id0~01,typ,kj.pdf"
DMK,"URZĄD GMINY PODEGRODZIE Podegrodzie 248, 33-386 PODEGRODZIE Wystąpienie Data publikacji : 2026-08-04 11:44","https://www.nik.gov.pl/kontrole/wyniki-kontroli-nik/pobierz,dmk~p_26_001_202601120841541768203714~id5~01,typ,kj.pdf"
DMK,"WOJEWÓDZKI INSPEKTORAT FARMACEUTYCZNY W KRAKOWIE Plac Szczepański 5, 31-011 KRAKÓW Wystąpienie Data publikacji : 2026-08-04 11:44","https://www.nik.gov.pl/kontrole/wyniki-kontroli-nik/pobierz,dmk~p_26_001_202601120841541768203714~id2~01,typ,kj.pdf"
DMK,"WOJEWÓDZKI URZĄD OCHRONY ZABYTKÓW W KRAKOWIE ul. Kanonicza 24, 31-002 KRAKÓW Wystąpienie Data publikacji : 2026-08-04 11:44","https://www.nik.gov.pl/kontrole/wyniki-kontroli-nik/pobierz,dmk~p_26_001_202601120841541768203714~id1~01,typ,kj.pdf"
DMW,"12 Terenowy Oddział Lotniskowy w Warszawie Aleje Jerozolimskie 97, 00-909 Warszawa Wystąpienie Data publikacji : 2026-08-04 11:44","https://www.nik.gov.pl/kontrole/wyniki-kontroli-nik/pobierz,dmw~p_26_001_202601120841541768203714~id0~01,typ,kj.pdf"
DMW,"Koleje Mazowieckie - KM Sp. z o.o. w Warszawie ul. Lubelska 26, 03-802 Warszawa Wystąpienie Data publikacji : 2026-08-04 11:44","https://www.nik.gov.pl/kontrole/wyniki-kontroli-nik/pobierz,dmw~p_26_001_202601120841541768203714~id7~01,typ,kj.pdf"
DMW,"Komenda Wojewódzka Policji z siedzibą w Radomiu ul. 11 Listopada 37/59, 26-600 Radom Wystąpienie Data publikacji : 2026-08-04 11:44","https://www.nik.gov.pl/kontrole/wyniki-kontroli-nik/pobierz,dmw~p_26_001_202601120841541768203714~id1~01,typ,kj.pdf"
DMW,"Ośrodek Studiów Wschodnich im. M. Karpia w Warszawie ul. Koszykowa 6A, 00-564 Warszawa Wystąpienie Data publikacji : 2026-08-04 11:44","https://www.nik.gov.pl/kontrole/wyniki-kontroli-nik/pobierz,dmw~p_26_001_202601120841541768203714~id5~01,typ,kj.pdf"
DMW,"Prokuratura Okręgowa Warszawa-Praga w Warszawie ul. Bródnowska 13/15, 03-439 Warszawa Wystąpienie Data publikacji : 2026-08-04 11:44","https://www.nik.gov.pl/kontrole/wyniki-kontroli-nik/pobierz,dmw~p_26_001_202601120841541768203714~id4~01,typ,kj.pdf"
DMW,"Prokuratura Regionalna w Warszawie ul. Krakowskie Przedmieście 25, 00-071 Warszawa Wystąpienie Data publikacji : 2026-08-04 11:44","https://www.nik.gov.pl/kontrole/wyniki-kontroli-nik/pobierz,dmw~p_26_001_202601120841541768203714~id3~01,typ,kj.pdf"
DMW,"Urząd Skarbowy Warszawa Bemowo ul. Białobrzeska 53A, 02-325 Warszawa Wystąpienie Data publikacji : 2026-08-04 11:44","https://www.nik.gov.pl/kontrole/wyniki-kontroli-nik/pobierz,dmw~p_26_001_202601120841541768203714~id6~01,typ,kj.pdf"
DMW,"Zakład Emerytalno-Rentowy MSWiA w Warszawie ul. Pawińskiego 17/21, 02-106 Warszawa Wystąpienie Data publikacji : 2026-08-04 11:44","https://www.nik.gov.pl/kontrole/wyniki-kontroli-nik/pobierz,dmw~p_26_001_202601120841541768203714~id2~01,typ,kj.pdf"
DMW,"Związek Powiatowo-Gminny Garwolińskie Przewozy Gminno-Powiatowe ul. Mazowiecka 26, 08-400 Garwolin Wystąpienie Data publikacji : 2026-08-04 ","https://www.nik.gov.pl/kontrole/wyniki-kontroli-nik/pobierz,dmw~p_26_001_202601120841541768203714~id8~01,typ,kj.pdf"
DOO,"MIEJSKI ZAKŁAD KOMUNIKACJI W NYSIE SP. Z O.O. ul. Piłsudskiego 59, 48-303 NYSA Wystąpienie Data publikacji : 2026-08-04 11:44","https://www.nik.gov.pl/kontrole/wyniki-kontroli-nik/pobierz,doo~p_26_001_202601120841541768203714~id3~01,typ,kj.pdf"
DOO,"OPOLSKI URZĄD WOJEWÓDZKI W OPOLU ul. Piastowska 14, 45-082 OPOLE Wystąpienie Data publikacji : 2026-08-04 11:44","https://www.nik.gov.pl/kontrole/wyniki-kontroli-nik/pobierz,doo~p_26_001_202601120841541768203714~id0~01,typ,kj.pdf"
DOO,"PIERWSZY URZĄD SKARBOWY W OPOLU ul. Tadeusza Rejtana 3B, 45-331 OPOLE Wystąpienie Data publikacji : 2026-08-04 11:44","https://www.nik.gov.pl/kontrole/wyniki-kontroli-nik/pobierz,doo~p_26_001_202601120841541768203714~id5~01,typ,kj.pdf"
DOO,"STAROSTWO POWIATOWE W NYSIE ul. Piastowska 33, 48-300 NYSA Wystąpienie Data publikacji : 2026-08-04 11:44","https://www.nik.gov.pl/kontrole/wyniki-kontroli-nik/pobierz,doo~p_26_001_202601120841541768203714~id4~01,typ,kj.pdf"
DOO,"WOJEWÓDZKI INSPEKTORAT FARMACEUTYCZNY W OPOLU ul. Plebiscytowa 5, 45-380 OPOLE Wystąpienie Data publikacji : 2026-08-04 11:44","https://www.nik.gov.pl/kontrole/wyniki-kontroli-nik/pobierz,doo~p_26_001_202601120841541768203714~id1~01,typ,kj.pdf"
DOO,"WOJEWÓDZKI URZĄD OCHRONY ZABYTKÓW W OPOLU ul. Piastowska 14, 45-082 OPOLE Wystąpienie Data publikacji : 2026-08-04 11:44","https://www.nik.gov.pl/kontrole/wyniki-kontroli-nik/pobierz,doo~p_26_001_202601120841541768203714~id2~01,typ,kj.pdf"
DPB,"Komenda Wojewódzka Policji w Białymstoku ul. Sienkiewicza 65, 15-003 Białystok Wystąpienie Data publikacji : 2026-08-04 11:44","https://www.nik.gov.pl/kontrole/wyniki-kontroli-nik/pobierz,dpb~p_26_001_202601120841541768203714~id0~01,typ,kj.pdf"
DPB,"Podlaska Komunikacja Samochodowa NOVA Spółka Akcyjna w Białymstoku ul. Bohaterów Monte Cassino 8, 15-873 Białystok Wystąpienie Data publikac","https://www.nik.gov.pl/kontrole/wyniki-kontroli-nik/pobierz,dpb~p_26_001_202601120841541768203714~id3~01,typ,kj.pdf"
DPB,"Prokuratura Okręgowa w Łomży Szosa Zambrowska 1/27, 18-400 Łomża Wystąpienie Data publikacji : 2026-08-04 11:44","https://www.nik.gov.pl/kontrole/wyniki-kontroli-nik/pobierz,dpb~p_26_001_202601120841541768203714~id2~01,typ,kj.pdf"
DPB,"Prokuratura Regionalna w Białystoku ul. Włókiennicza 32, 15-464 Białystok Wystąpienie Data publikacji : 2026-08-04 11:44","https://www.nik.gov.pl/kontrole/wyniki-kontroli-nik/pobierz,dpb~p_26_001_202601120841541768203714~id1~01,typ,kj.pdf"
DPG,"DRUGI URZĄD SKARBOWY W GDAŃSKU ul. Kołobrzeska 43, 80-391 GDAŃSK Wystąpienie Data publikacji : 2026-08-04 11:44","https://www.nik.gov.pl/kontrole/wyniki-kontroli-nik/pobierz,dpg~p_26_001_202601120841541768203714~id3~02,typ,kj.pdf"
DPG,"KOMENDA WOJEWÓDZKA POLICJI W GDAŃSKU ul. Okopowa 15, 80-819 GDAŃSK Wystąpienie Data publikacji : 2026-08-04 11:44","https://www.nik.gov.pl/kontrole/wyniki-kontroli-nik/pobierz,dpg~p_26_001_202601120841541768203714~id1~01,typ,kj.pdf"
DPG,"KRAJOWE BIURO WYBORCZE DELEGATURA W SŁUPSKU ul. Jana Pawła II 1, 76-200 SŁUPSK Wystąpienie Data publikacji : 2026-08-04 11:44","https://www.nik.gov.pl/kontrole/wyniki-kontroli-nik/pobierz,dpg~p_26_001_202601120841541768203714~id0~01,typ,kj.pdf"
DPG,"STAROSTWO POWIATOWE W SŁUPSKU ul. Szarych Szeregów 14, 76-200 SŁUPSK Wystąpienie Data publikacji : 2026-08-04 11:44","https://www.nik.gov.pl/kontrole/wyniki-kontroli-nik/pobierz,dpg~p_26_001_202601120841541768203714~id4~01,typ,kj.pdf"
DPG,"URZĄD MARSZAŁKOWSKI WOJEWÓDZTWA POMORSKIEGO W GDAŃSKU ul. Okopowa 21/27, 80-810 GDAŃSK Wystąpienie Data publikacji : 2026-08-04 11:44","https://www.nik.gov.pl/kontrole/wyniki-kontroli-nik/pobierz,dpg~p_26_001_202601120841541768203714~id5~01,typ,kj.pdf"
DPG,"WOJEWÓDZKI SĄD ADMINISTRACYJNY W GDAŃSKU Al. Zwycięstwa 16/17, 80-219 GDAŃSK Wystąpienie Data publikacji : 2026-08-04 11:44","https://www.nik.gov.pl/kontrole/wyniki-kontroli-nik/pobierz,dpg~p_26_001_202601120841541768203714~id2~02,typ,kj.pdf"
DPR,"Miejska Komunikacja Samochodowa w Jaśle Sp. z o.o. ul. ks. Piotra Skargi 84, 38-200 Jasło Wystąpienie Data publikacji : 2026-08-04 11:44","https://www.nik.gov.pl/kontrole/wyniki-kontroli-nik/pobierz,dpr~p_26_001_202601120841541768203714~id4~01,typ,kj.pdf"
DPR,"Podkarpacki Urząd Wojewódzki w Rzeszowie ul. Grunwaldzka 15, 35-959 Rzeszów Wystąpienie Data publikacji : 2026-08-04 11:44","https://www.nik.gov.pl/kontrole/wyniki-kontroli-nik/pobierz,dpr~p_26_001_202601120841541768203714~id0~01,typ,kj.pdf"
DPR,"Starostwo Powiatowe w Stalowej Woli ul. Podleśna 15, 37-450 Stalowa Wola Wystąpienie Data publikacji : 2026-08-04 11:44","https://www.nik.gov.pl/kontrole/wyniki-kontroli-nik/pobierz,dpr~p_26_001_202601120841541768203714~id3~01,typ,kj.pdf"
DPR,"Wojewódzki Inspektorat Farmaceutyczny w Rzeszowie ul. Warszawska, 35-205 Rzeszów Wystąpienie Data publikacji : 2026-08-04 11:44","https://www.nik.gov.pl/kontrole/wyniki-kontroli-nik/pobierz,dpr~p_26_001_202601120841541768203714~id1~01,typ,kj.pdf"
DPR,"Wojewódzki Urząd Ochrony Zabytków z siedzibą w Przemyślu ul. Jagiellońska 29, 37-700 Przemyśl Wystąpienie Data publikacji : 2026-08-04 11:44","https://www.nik.gov.pl/kontrole/wyniki-kontroli-nik/pobierz,dpr~p_26_001_202601120841541768203714~id2~01,typ,kj.pdf"
DWO,"FASTER SP. Z O.O. SP. K. ul. Konopnickiej 7 lok. 4, 10-168 OLSZTYN Wystąpienie Data publikacji : 2026-08-04 11:44","https://www.nik.gov.pl/kontrole/wyniki-kontroli-nik/pobierz,dwo~p_26_001_202601120841541768203714~id0~01,typ,kj.pdf"
DWO,"FASTER WASH SP. Z O.O. ul. Szkolna 2F, 11-220 GÓROWO IŁAWECKIE Wystąpienie Data publikacji : 2026-08-04 11:44","https://www.nik.gov.pl/kontrole/wyniki-kontroli-nik/pobierz,dwo~p_26_001_202601120841541768203714~id1~01,typ,kj.pdf"
DWO,"KOMENDA WOJEWÓDZKA POLICJI W OLSZTYNIE ul. Partyzantów 6/8, 10-959 OLSZTYN Wystąpienie Data publikacji : 2026-08-04 11:44","https://www.nik.gov.pl/kontrole/wyniki-kontroli-nik/pobierz,dwo~p_26_001_202601120841541768203714~id2~01,typ,kj.pdf"
DWP,"KRAJOWE BIURO WYBORCZE DELEGATURA W KONINIE Al. 1. Maja 7, 62-510 KONIN Wystąpienie Data publikacji : 2026-08-04 11:44","https://www.nik.gov.pl/kontrole/wyniki-kontroli-nik/pobierz,dwp~p_26_001_202601120841541768203714~id0~01,typ,kj.pdf"
DWP,"MIEJSKIE PRZEDSIĘBIORSTWO KOMUNIKACYJNE SP. Z O.O. W POZNANIU ul. Głogowska 131/133, 60-244 POZNAŃ Wystąpienie Data publikacji : 2026-08-04 ","https://www.nik.gov.pl/kontrole/wyniki-kontroli-nik/pobierz,dwp~p_26_001_202601120841541768203714~id5~01,typ,kj.pdf"
DWP,"PRZEDSIĘBIORSTWO KOMUNIKACJI SAMOCHODOWEJ W POZNANIU S.A. ul. Piekary 19, 61-823 POZNAŃ Wystąpienie Data publikacji : 2026-08-04 11:44","https://www.nik.gov.pl/kontrole/wyniki-kontroli-nik/pobierz,dwp~p_26_001_202601120841541768203714~id6~01,typ,kj.pdf"
DWP,"SĄD APELACYJNY W POZNANIU ul. Trójpole 21, 61-693 POZNAŃ Wystąpienie Data publikacji : 2026-08-04 11:44","https://www.nik.gov.pl/kontrole/wyniki-kontroli-nik/pobierz,dwp~p_26_001_202601120841541768203714~id1~01,typ,kj.pdf"
DWP,"SĄD OKRĘGOWY W KONINIE ul. Energetyka 5, 62-510 KONIN Wystąpienie Data publikacji : 2026-08-04 11:44","https://www.nik.gov.pl/kontrole/wyniki-kontroli-nik/pobierz,dwp~p_26_001_202601120841541768203714~id2~01,typ,kj.pdf"
DWP,"SĄD REJONOWY W KONINIE ul. Fryderyka Chopina 28, 62-510 KONIN Wystąpienie Data publikacji : 2026-08-04 11:44","https://www.nik.gov.pl/kontrole/wyniki-kontroli-nik/pobierz,dwp~p_26_001_202601120841541768203714~id3~01,typ,kj.pdf"
DWP,"URZĄD SKARBOWY POZNAŃ-WINOGRADY W POZNANIU ul.Zygm. Wojciechowskiego 3/5, 60-968 POZNAŃ Wystąpienie Data publikacji : 2026-08-04 11:44","https://www.nik.gov.pl/kontrole/wyniki-kontroli-nik/pobierz,dwp~p_26_001_202601120841541768203714~id4~01,typ,kj.pdf"
DZS,"KRAJOWE BIURO WYBORCZE DELEGATURA W SZCZECINIE ul. Jana Matejki 6b, 71-615 SZCZECIN Wystąpienie Data publikacji : 2026-08-04 11:44","https://www.nik.gov.pl/kontrole/wyniki-kontroli-nik/pobierz,dzs~p_26_001_202601120841541768203714~id0~01,typ,kj.pdf"
DZS,"PIERWSZY URZĄD SKARBOWY W SZCZECINIE ul. Michała Drzymały 5, 70-217 SZCZECIN Wystąpienie Data publikacji : 2026-08-04 11:44","https://www.nik.gov.pl/kontrole/wyniki-kontroli-nik/pobierz,dzs~p_26_001_202601120841541768203714~id4~01,typ,kj.pdf"
DZS,"SĄD APELACYJNY W SZCZECINIE ul. A. Mickiewicza 163, 71-165 SZCZECIN Wystąpienie Data publikacji : 2026-08-04 11:44","https://www.nik.gov.pl/kontrole/wyniki-kontroli-nik/pobierz,dzs~p_26_001_202601120841541768203714~id1~01,typ,kj.pdf"
DZS,"SĄD OKRĘGOWY W KOSZALINIE ul. L. Waryńskiego 7, 75-541 KOSZALIN Wystąpienie Data publikacji : 2026-08-04 11:44","https://www.nik.gov.pl/kontrole/wyniki-kontroli-nik/pobierz,dzs~p_26_001_202601120841541768203714~id2~01,typ,kj.pdf"
DZS,"SĄD REJONOWY W SZCZECINKU ul. Bohaterów Warszawy 42, 78-400 SZCZECINEK Wystąpienie Data publikacji : 2026-08-04 11:44","https://www.nik.gov.pl/kontrole/wyniki-kontroli-nik/pobierz,dzs~p_26_001_202601120841541768203714~id3~01,typ,kj.pdf"
DZS,"STAROSTWO POWIATOWE W DRAWSKU POMORSKIM Pl. E. Orzeszkowej 3, 78-500 DRAWSKO POMORSKIE Wystąpienie Data publikacji : 2026-08-04 11:44","https://www.nik.gov.pl/kontrole/wyniki-kontroli-nik/pobierz,dzs~p_26_001_202601120841541768203714~id6~01,typ,kj.pdf"
DZS,"URZĄD MARSZAŁKOWSKI WOJEWÓDZTWA ZACHODNIOPOMORSKIEGO W SZCZECINIE ul. Marsz. J. Piłsudskiego 40, 70-421 SZCZECIN Wystąpienie Data publikacji","https://www.nik.gov.pl/kontrole/wyniki-kontroli-nik/pobierz,dzs~p_26_001_202601120841541768203714~id5~01,typ,kj.pdf"
KBN,"Agencja Mienia Wojskowego ul. Nowowiejska 26A, 00-911 Warszawa Wystąpienie Data publikacji : 2026-08-04 11:44","https://www.nik.gov.pl/kontrole/wyniki-kontroli-nik/pobierz,kbn~p_26_001_202601120841541768203714~id13~01,typ,kj.pdf"
KBN,"Agencja Uzbrojenia ul. Królewska 1/7, 00-909 Warszawa Wystąpienie Data publikacji : 2026-08-04 11:44","https://www.nik.gov.pl/kontrole/wyniki-kontroli-nik/pobierz,kbn~p_26_001_202601120841541768203714~id12~01,typ,kj.pdf"
KBN,"Centralny Zarząd Służby Więziennej ul. Rakowiecka 37a, 02-521 Warszawa Wystąpienie Data publikacji : 2026-08-04 11:44","https://www.nik.gov.pl/kontrole/wyniki-kontroli-nik/pobierz,kbn~p_26_001_202601120841541768203714~id5~01,typ,kj.pdf"
KBN,"Instytut Pamięci Narodowej - Komisja Ścigania Zbrodni Przeciwko Narodowi Polskiemu ul. Janusza Kurtyki 1, 02-676 Warszawa Wystąpienie Data p","https://www.nik.gov.pl/kontrole/wyniki-kontroli-nik/pobierz,kbn~p_26_001_202601120841541768203714~id8~01,typ,kj.pdf"
KBN,"Komenda Główna Policji ul. Puławska 148/150, 02-624 Warszawa Wystąpienie Data publikacji : 2026-08-04 11:44","https://www.nik.gov.pl/kontrole/wyniki-kontroli-nik/pobierz,kbn~p_26_001_202601120841541768203714~id10~01,typ,kj.pdf"
KBN,"Ministerstwo Obrony Narodowej Al. Niepodległości 218, 00-911 Warszawa Wystąpienie Data publikacji : 2026-08-04 11:44","https://www.nik.gov.pl/kontrole/wyniki-kontroli-nik/pobierz,kbn~p_26_001_202601120841541768203714~id11~01,typ,kj.pdf"
KBN,"Ministerstwo Spraw Wewnętrznych i Administracji ul. Batorego 5, 02-591 Warszawa Wystąpienie Data publikacji : 2026-08-04 11:44","https://www.nik.gov.pl/kontrole/wyniki-kontroli-nik/pobierz,kbn~p_26_001_202601120841541768203714~id9~01,typ,kj.pdf"
KBN,"Ministerstwo Sprawiedliwości Aleje Ujazdowskie 11, 00-950 Warszawa Wystąpienie Data publikacji : 2026-08-04 11:44","https://www.nik.gov.pl/kontrole/wyniki-kontroli-nik/pobierz,kbn~p_26_001_202601120841541768203714~id3~01,typ,kj.pdf"
KBN,"Ministerstwo Sprawiedliwości Aleje Ujazdowskie 11, 00-950 Warszawa Wystąpienie Data publikacji : 2026-08-04 11:44","https://www.nik.gov.pl/kontrole/wyniki-kontroli-nik/pobierz,kbn~p_26_001_202601120841541768203714~id4~01,typ,kj.pdf"
KBN,"Naczelny Sąd Administracyjny ul. Gabriela Piotra Boduena 3/5, 00-011 Warszawa Wystąpienie Data publikacji : 2026-08-04 11:44","https://www.nik.gov.pl/kontrole/wyniki-kontroli-nik/pobierz,kbn~p_26_001_202601120841541768203714~id1~01,typ,kj.pdf"
KBN,"Prokuratura Krajowa ul. Postępu 3, 02-676 Warszawa Wystąpienie Data publikacji : 2026-08-04 11:44","https://www.nik.gov.pl/kontrole/wyniki-kontroli-nik/pobierz,kbn~p_26_001_202601120841541768203714~id6~01,typ,kj.pdf"
KBN,"Sąd Najwyższy Pl. Krasińskich 2/4/6, 00-951Warszawa Wystąpienie Data publikacji : 2026-08-04 11:44","https://www.nik.gov.pl/kontrole/wyniki-kontroli-nik/pobierz,kbn~p_26_001_202601120841541768203714~id0~01,typ,kj.pdf"
KBN,"Trybunał Konstytucyjny Al. J. C. Szucha 12A, 00-918 Warszawa Wystąpienie Data publikacji : 2026-08-04 11:44","https://www.nik.gov.pl/kontrole/wyniki-kontroli-nik/pobierz,kbn~p_26_001_202601120841541768203714~id2~01,typ,kj.pdf"
KBN,"Urząd Ochrony Danych Osobowych ul. Stawki 2, 00-193 Warszawa Wystąpienie Data publikacji : 2026-08-04 11:44","https://www.nik.gov.pl/kontrole/wyniki-kontroli-nik/pobierz,kbn~p_26_001_202601120841541768203714~id7~01,typ,kj.pdf"
KFP,"Bank Gospodarstwa Krajowego Centrala w Warszawie 00-955 Warszawa, Al. Jerozolimskie 7, woj. Mazowieckie Wystąpienie Data publikacji : 2026-0","https://www.nik.gov.pl/kontrole/wyniki-kontroli-nik/pobierz,kfp~p_26_001_202601120841541768203714~id20~01,typ,kj.pdf"
KFP,"Biuro Rzecznika Praw Obywatelskich 00-090 Warszawa, Al. Solidarności 77, woj. Mazowieckie Wystąpienie Data publikacji : 2026-08-04 11:44","https://www.nik.gov.pl/kontrole/wyniki-kontroli-nik/pobierz,kfp~p_26_001_202601120841541768203714~id3~01,typ,kj.pdf"
KFP,"Główny Urząd Statystyczny w Warszawie 00-925 Warszawa, Al. Niepodległości 208, woj. mazowieckie Wystąpienie Data publikacji : 2026-08-04 11:","https://www.nik.gov.pl/kontrole/wyniki-kontroli-nik/pobierz,kfp~p_26_001_202601120841541768203714~id8~01,typ,kj.pdf"
KFP,"Kancelaria Prezesa Rady Ministrów 00-583 Warszawa, Al. Ujazdowskie 1/3, woj. Mazowieckie Wystąpienie Data publikacji : 2026-08-04 11:44","https://www.nik.gov.pl/kontrole/wyniki-kontroli-nik/pobierz,kfp~p_26_001_202601120841541768203714~id12~01,typ,kj.pdf"
KFP,"Kancelaria Prezesa Rady Ministrów 00-583 Warszawa, Al. Ujazdowskie 1/3, woj. Mazowieckie Wystąpienie Data publikacji : 2026-08-04 11:44","https://www.nik.gov.pl/kontrole/wyniki-kontroli-nik/pobierz,kfp~p_26_001_202601120841541768203714~id5~01,typ,kj.pdf"
KFP,"Kancelaria Prezydenta Rzeczypospolitej Polskiej 00-902 Warszawa, ul. Wiejska 10, woj. Mazowieckie Wystąpienie Data publikacji : 2026-08-04 1","https://www.nik.gov.pl/kontrole/wyniki-kontroli-nik/pobierz,kfp~p_26_001_202601120841541768203714~id0~01,typ,kj.pdf"
KFP,"Kancelaria Sejmu RP 00-902 Warszawa, ul. Wiejska 4/6/8, woj. Mazowieckie Wystąpienie Data publikacji : 2026-08-04 11:44","https://www.nik.gov.pl/kontrole/wyniki-kontroli-nik/pobierz,kfp~p_26_001_202601120841541768203714~id1~01,typ,kj.pdf"
KFP,"Kancelaria Senatu RP 00-902 Warszawa, ul. Wiejska 6/8, woj. Mazowieckie Wystąpienie Data publikacji : 2026-08-04 11:44","https://www.nik.gov.pl/kontrole/wyniki-kontroli-nik/pobierz,kfp~p_26_001_202601120841541768203714~id2~01,typ,kj.pdf"
KFP,"Krajowe Biuro Wyborcze 00-902 Warszawa, ul. Wiejska 10, woj. Mazowieckie Wystąpienie Data publikacji : 2026-08-04 11:44","https://www.nik.gov.pl/kontrole/wyniki-kontroli-nik/pobierz,kfp~p_26_001_202601120841541768203714~id4~01,typ,kj.pdf"
KFP,"Ministerstwo Finansów 00-916 Warszawa, ul. Świętokrzyska 12, woj. Mazowieckie Wystąpienie Data publikacji : 2026-08-04 11:44","https://www.nik.gov.pl/kontrole/wyniki-kontroli-nik/pobierz,kfp~p_26_001_202601120841541768203714~id11~01,typ,kj.pdf"
KFP,Inne Data publikacji : 2026-08-04 11:44,"https://www.nik.gov.pl/kontrole/wyniki-kontroli-nik/pobierz,kfp~p_26_001_202601120841541768203714~id11~02,typ,kj.pdf"
KFP,"Ministerstwo Finansów 00-916 Warszawa, ul. Świętokrzyska 12, woj. Mazowieckie Wystąpienie Data publikacji : 2026-08-04 11:44","https://www.nik.gov.pl/kontrole/wyniki-kontroli-nik/pobierz,kfp~p_26_001_202601120841541768203714~id10~01,typ,kj.pdf"
KFP,"Ministerstwo Finansów 00-916 Warszawa, ul. Świętokrzyska 12, woj. Mazowieckie Wystąpienie Data publikacji : 2026-08-04 11:44","https://www.nik.gov.pl/kontrole/wyniki-kontroli-nik/pobierz,kfp~p_26_001_202601120841541768203714~id13~01,typ,kj.pdf"
KFP,"Ministerstwo Finansów 00-916 Warszawa, ul. Świętokrzyska 12, woj. Mazowieckie Wystąpienie Data publikacji : 2026-08-04 11:44","https://www.nik.gov.pl/kontrole/wyniki-kontroli-nik/pobierz,kfp~p_26_001_202601120841541768203714~id15~01,typ,kj.pdf"
KFP,"Ministerstwo Finansów 00-916 Warszawa, ul. Świętokrzyska 12, woj. Mazowieckie Wystąpienie Data publikacji : 2026-08-04 11:44","https://www.nik.gov.pl/kontrole/wyniki-kontroli-nik/pobierz,kfp~p_26_001_202601120841541768203714~id14~01,typ,kj.pdf"
KFP,"Ministerstwo Finansów 00-916 Warszawa, ul. Świętokrzyska 12, woj. Mazowieckie Wystąpienie Data publikacji : 2026-08-04 11:44","https://www.nik.gov.pl/kontrole/wyniki-kontroli-nik/pobierz,kfp~p_26_001_202601120841541768203714~id16~01,typ,kj.pdf"
KFP,"Ministerstwo Finansów 00-916 Warszawa, ul. Świętokrzyska 12, woj. Mazowieckie Wystąpienie Data publikacji : 2026-08-04 11:44","https://www.nik.gov.pl/kontrole/wyniki-kontroli-nik/pobierz,kfp~p_26_001_202601120841541768203714~id6~01,typ,kj.pdf"
KFP,"Ministerstwo Spraw Zagranicznych 00-580 Warszawa, Al. J.Ch. Szucha 23, woj. Mazowieckie Wystąpienie Data publikacji : 2026-08-04 11:44","https://www.nik.gov.pl/kontrole/wyniki-kontroli-nik/pobierz,kfp~p_26_001_202601120841541768203714~id7~01,typ,kj.pdf"
KFP,"Polska Agencja Nadzoru Audytowego 01-217 Warszawa, ul. Kolejowa 1, woj. Mazowieckie Wystąpienie Data publikacji : 2026-08-04 11:44","https://www.nik.gov.pl/kontrole/wyniki-kontroli-nik/pobierz,kfp~p_26_001_202601120841541768203714~id19~01,typ,kj.pdf"
KFP,"Rządowe Centrum Legislacji 00-522 Warszawa, ul. Krucza 36/Wspólna 6, woj. Mazowieckie Wystąpienie Data publikacji : 2026-08-04 11:44","https://www.nik.gov.pl/kontrole/wyniki-kontroli-nik/pobierz,kfp~p_26_001_202601120841541768203714~id9~01,typ,kj.pdf"
KFP,"Urząd Komisji Nadzoru Finansowego w Warszawie 00-549 Warszawa, ul. Piękna 20, woj. Mazowieckie Wystąpienie Data publikacji : 2026-08-04 11:4","https://www.nik.gov.pl/kontrole/wyniki-kontroli-nik/pobierz,kfp~p_26_001_202601120841541768203714~id18~01,typ,kj.pdf"
KFP,"Urząd Państwowej Komisji do spraw przeciwdziałania wykorzystywaniu seksualnemu małoletnich poniżej lat 15 00-105 Warszawa, ul. Twarda 18, wo","https://www.nik.gov.pl/kontrole/wyniki-kontroli-nik/pobierz,kfp~p_26_001_202601120841541768203714~id17~01,typ,kj.pdf"
KRG,"Ministerstwo Aktywów Państwowych 00-522 Warszawa, ul. Krucza 36/Wspólna 6 Wystąpienie Data publikacji : 2026-08-04 11:44","https://www.nik.gov.pl/kontrole/wyniki-kontroli-nik/pobierz,krg~p_26_001_202601120841541768203714~id5~01,typ,kj.pdf"
KRG,"Ministerstwo Energii 00-450 Warszawa, ul. Przemysłowa 26 Wystąpienie Data publikacji : 2026-08-04 11:44","https://www.nik.gov.pl/kontrole/wyniki-kontroli-nik/pobierz,krg~p_26_001_202601120841541768203714~id2~01,typ,kj.pdf"
KRG,"Ministerstwo Nauki i Szkolnictwa Wyższego 00-529 Warszawa, ul. Wspólna 1/3 Wystąpienie Data publikacji : 2026-08-04 11:44","https://www.nik.gov.pl/kontrole/wyniki-kontroli-nik/pobierz,krg~p_26_001_202601120841541768203714~id1~02,typ,kj.pdf"
KRG,"Ministerstwo Rozwoju i Technologii 00-507 Warszawa, Pl. Trzech Krzyży 3/5 Wystąpienie Data publikacji : 2026-08-04 11:44","https://www.nik.gov.pl/kontrole/wyniki-kontroli-nik/pobierz,krg~p_26_001_202601120841541768203714~id0~01,typ,kj.pdf"
KRG,"Państwowa Agencja Atomistyki 00-203 Warszawa, ul. Bonifraterska 17 Wystąpienie Data publikacji : 2026-08-04 11:44","https://www.nik.gov.pl/kontrole/wyniki-kontroli-nik/pobierz,krg~p_26_001_202601120841541768203714~id8~01,typ,kj.pdf"
KRG,"Polski Komitet Normalizacyjny 00-050 Warszawa, ul. Świętokrzyska 14 Wystąpienie Data publikacji : 2026-08-04 11:44","https://www.nik.gov.pl/kontrole/wyniki-kontroli-nik/pobierz,krg~p_26_001_202601120841541768203714~id7~01,typ,kj.pdf"
KRG,"Urząd Ochrony Konkurencji i Konsumentów 00-950 Warszawa, Plac Powstańców Warszawy 1 Wystąpienie Data publikacji : 2026-08-04 11:44","https://www.nik.gov.pl/kontrole/wyniki-kontroli-nik/pobierz,krg~p_26_001_202601120841541768203714~id4~01,typ,kj.pdf"
KRG,"Urząd Zamówień Publicznych 02-676 Warszawa, ul. Postępu 17A Wystąpienie Data publikacji : 2026-08-04 11:44","https://www.nik.gov.pl/kontrole/wyniki-kontroli-nik/pobierz,krg~p_26_001_202601120841541768203714~id3~01,typ,kj.pdf"
KRG,"Wyższy Urząd Górniczy 40-055 Katowice, ul. Księcia Poniatowskiego 31 Wystąpienie Data publikacji : 2026-08-04 11:44","https://www.nik.gov.pl/kontrole/wyniki-kontroli-nik/pobierz,krg~p_26_001_202601120841541768203714~id6~01,typ,kj.pdf"
KSF,"Centrum Unijnych Projektów Transportowych Warszawa 00-844, pl. Europejski 2 Wystąpienie Data publikacji : 2026-08-04 11:44","https://www.nik.gov.pl/kontrole/wyniki-kontroli-nik/pobierz,ksf~p_26_001_202601120841541768203714~id4~01,typ,kj.pdf"
KSF,"Ministerstwo Cyfryzacji Warszawa 00-060, ul. Królewska 27 Wystąpienie Data publikacji : 2026-08-04 11:44","https://www.nik.gov.pl/kontrole/wyniki-kontroli-nik/pobierz,ksf~p_26_001_202601120841541768203714~id1~01,typ,kj.pdf"
KSF,"Ministerstwo Funduszy i Polityki Regionalnej Warszawa 00-926, ul. Wspólna 2/4 Wystąpienie Data publikacji : 2026-08-04 11:44","https://www.nik.gov.pl/kontrole/wyniki-kontroli-nik/pobierz,ksf~p_26_001_202601120841541768203714~id2~01,typ,kj.pdf"
KSF,"Ministerstwo Infrastruktury Warszawa 00-928, ul. Chałbińskiego 4/6 Wystąpienie Data publikacji : 2026-08-04 11:44","https://www.nik.gov.pl/kontrole/wyniki-kontroli-nik/pobierz,ksf~p_26_001_202601120841541768203714~id3~01,typ,kj.pdf"
KSF,"Ministerstwo Rozwoju i Technologii Warszawa 00-507, pl. Trzech Krzyży 3/5 Wystąpienie Data publikacji : 2026-08-04 11:44","https://www.nik.gov.pl/kontrole/wyniki-kontroli-nik/pobierz,ksf~p_26_001_202601120841541768203714~id0~01,typ,kj.pdf"
KSS,Biuro Rzecznika Praw Dziecka ul. Chocimska 6; 00-791 Warszawa Wystąpienie Data publikacji : 2026-08-04 11:44,"https://www.nik.gov.pl/kontrole/wyniki-kontroli-nik/pobierz,kss_~p_26_001_202601120841541768203714~id2~01,typ,kj.pdf"
KSS,Biuro Rzecznika Praw Pacjenta ul. Płocka 11/13; 01-231 Warszawa Wystąpienie Data publikacji : 2026-08-04 11:44,"https://www.nik.gov.pl/kontrole/wyniki-kontroli-nik/pobierz,kss_~p_26_001_202601120841541768203714~id10~01,typ,kj.pdf"
KSS,Inne Data publikacji : 2026-08-04 11:44,"https://www.nik.gov.pl/kontrole/wyniki-kontroli-nik/pobierz,kss_~p_26_001_202601120841541768203714~id10~02,typ,kj.pdf"
KSS,Główny Inspektorat Farmaceutyczny ul. Senatorska 12; 00-082 Warszawa Wystąpienie Data publikacji : 2026-08-04 11:44,"https://www.nik.gov.pl/kontrole/wyniki-kontroli-nik/pobierz,kss_~p_26_001_202601120841541768203714~id8~01,typ,kj.pdf"
KSS,Krajowa Rada Radiofonii i Telewizji w Warszawie Skwer Kard. S. Wyszyńskiego 9; 00-763 Warszawa Wystąpienie Data publikacji : 2026-08-04 11:4,"https://www.nik.gov.pl/kontrole/wyniki-kontroli-nik/pobierz,kss_~p_26_001_202601120841541768203714~id0~01,typ,kj.pdf"
KSS,Ministerstwo Edukacji Narodowej Al. Szucha 25; 00-918 Warszawa Wystąpienie Data publikacji : 2026-08-04 11:44,"https://www.nik.gov.pl/kontrole/wyniki-kontroli-nik/pobierz,kss_~p_26_001_202601120841541768203714~id5~01,typ,kj.pdf"
KSS,Ministerstwo Kultury i Dziedzictwa Narodowego ul. Krakowskie Przedmieście 15/17; 00-071 Warszawa Wystąpienie Data publikacji : 2026-08-04 11,"https://www.nik.gov.pl/kontrole/wyniki-kontroli-nik/pobierz,kss_~p_26_001_202601120841541768203714~id3~01,typ,kj.pdf"
KSS,"Ministerstwo Rodziny, Pracy i Polityki Społecznej ul. Nowogrodzka 1/3/5; 00-513 Warszawa Wystąpienie Data publikacji : 2026-08-04 11:44","https://www.nik.gov.pl/kontrole/wyniki-kontroli-nik/pobierz,kss_~p_26_001_202601120841541768203714~id6~01,typ,kj.pdf"
KSS,Ministerstwo Sportu i Turystyki ul. Senatorska 14; 00-082 Warszawa Wystąpienie Data publikacji : 2026-08-04 11:44,"https://www.nik.gov.pl/kontrole/wyniki-kontroli-nik/pobierz,kss_~p_26_001_202601120841541768203714~id4~01,typ,kj.pdf"
KSS,Ministerstwo Zdrowia ul. Miodowa 15; 00-952 Warszawa Wystąpienie Data publikacji : 2026-08-04 11:44,"https://www.nik.gov.pl/kontrole/wyniki-kontroli-nik/pobierz,kss_~p_26_001_202601120841541768203714~id7~01,typ,kj.pdf"
KSS,Państwowa Inspekcja Pracy Główny Inspektorat Pracy w Warszawie ul. Bracka 28/30; 02-315 Warszawa Wystąpienie Data publikacji : 2026-08-04 11,"https://www.nik.gov.pl/kontrole/wyniki-kontroli-nik/pobierz,kss_~p_26_001_202601120841541768203714~id1~01,typ,kj.pdf"
KSS,Państwowy Fundusz Rehabilitacji Osób Niepełnosprawnych Al. Jana Pawła II 13; 00-828 Warszawa Wystąpienie Data publikacji : 2026-08-04 11:44,"https://www.nik.gov.pl/kontrole/wyniki-kontroli-nik/pobierz,kss_~p_26_001_202601120841541768203714~id12~01,typ,kj.pdf"
KSS,Urząd do Spraw Kombatantów i Osób Represjonowanych ul. Wspólna 2/4; 00-926 Warszawa Wystąpienie Data publikacji : 2026-08-04 11:44,"https://www.nik.gov.pl/kontrole/wyniki-kontroli-nik/pobierz,kss_~p_26_001_202601120841541768203714~id9~01,typ,kj.pdf"
KSS,Zakład Ubezpieczeń Społecznych Centrala w Warszawie ul. Szamocka 3/5; 01-748 Warszawa Wystąpienie Data publikacji : 2026-08-04 11:44,"https://www.nik.gov.pl/kontrole/wyniki-kontroli-nik/pobierz,kss_~p_26_001_202601120841541768203714~id11~01,typ,kj.pdf"
KZN,"Agencja Restrukturyzacji i Modernizacji Rolnictwa 02-822 Warszawa, ul. Poleczki 33 Wystąpienie Data publikacji : 2026-08-04 11:44","https://www.nik.gov.pl/kontrole/wyniki-kontroli-nik/pobierz,kzn~p_26_001_202601120841541768203714~id6~01,typ,kj.pdf"
KZN,"Kasa Rolniczego Ubezpieczenia Społecznego 00-608 Warszawa, al. Niepodległości 190 Wystąpienie Data publikacji : 2026-08-04 11:44","https://www.nik.gov.pl/kontrole/wyniki-kontroli-nik/pobierz,kzn~p_26_001_202601120841541768203714~id5~01,typ,kj.pdf"
KZN,"Krajowy Ośrodek Wsparcia Rolnictwa 01-207 Warszawa, ul. Karolkowa 30 Wystąpienie Data publikacji : 2026-08-04 11:44","https://www.nik.gov.pl/kontrole/wyniki-kontroli-nik/pobierz,kzn~p_26_001_202601120841541768203714~id7~01,typ,kj.pdf"
KZN,"Ministerstwo Infrastruktury 00-928 Warszawa, ul. Chałubińskiego 4/6 Wystąpienie Data publikacji : 2026-08-04 11:44","https://www.nik.gov.pl/kontrole/wyniki-kontroli-nik/pobierz,kzn~p_26_001_202601120841541768203714~id0~01,typ,kj.pdf"
KZN,"Ministerstwo Klimatu i Środowiska 00-922 Warszawa, ul. Wawelska 52/54 Wystąpienie Data publikacji : 2026-08-04 11:44","https://www.nik.gov.pl/kontrole/wyniki-kontroli-nik/pobierz,kzn~p_26_001_202601120841541768203714~id2~01,typ,kj.pdf"
KZN,"Ministerstwo Rolnictwa i Rozwoju Wsi 00-930 Warszawa, ul. Wspólna 30 Wystąpienie Data publikacji : 2026-08-04 11:44","https://www.nik.gov.pl/kontrole/wyniki-kontroli-nik/pobierz,kzn~p_26_001_202601120841541768203714~id1~01,typ,kj.pdf"
KZN,"Narodowy Fundusz Ochrony Środowiska i Gospodarki Wodnej 00-834 Warszawa, ul. Pańska 97 Wystąpienie Data publikacji : 2026-08-04 11:44","https://www.nik.gov.pl/kontrole/wyniki-kontroli-nik/pobierz,kzn~p_26_001_202601120841541768203714~id3~01,typ,kj.pdf"
KZN,"Państwowe Gospodarstwo Wodne Wody Polskie 00-613 Warszawa, ul. Tytusa Chałubińskiego 8 Wystąpienie Data publikacji : 2026-08-04 11:44","https://www.nik.gov.pl/kontrole/wyniki-kontroli-nik/pobierz,kzn~p_26_001_202601120841541768203714~id4~01,typ,kj.pdf"
